airbnb_id,Detail,Price(in dollar),Offer price(in dollar),Review and rating,Number of bed,Extracted Title,City/State,Country
0,Sky Haus - A-Frame Cabin,306.00,229.00,4.85 (531),4 beds,Chalet in Skykomish,Washington,US
1,The Catskill A-Frame - Mid-Century Modern Cabin,485.00,170.00,4.77 (146),4 beds,Cabin in Hancock,New York,US
2,The Triangle: A-Frame Cabin for your city retreat,119.00,522.00,4.91 (515),4 beds,Cabin in West Farmington,Ohio,US
3,*Summer Sizzle* 5 Min to Blue Ridge* Pets* Hot tub,192.00,348.00,4.94 (88),5 beds,Home in Blue Ridge,Georgia,US
4,Luxury Treehouse Couples Getaway w/ Peaceful Views,232.00,196.00,4.99 (222),1 queen bed,Treehouse in Grandview,Texas,US
5,Casa Tiny near Casa Wabi,261.00,148.00,4.84 (555),1 double bed,Tiny home in Puerto Escondido,,Mexico
6,The Beach House. Oceanfront & Sunrise Views!,607.00,,4.64 (90),2 queen beds,Home in Saco,Maine,US
7,‚Ä¢ Cedar Peak ‚Ä¢ 2 Bedroom Barrier-Free Chalet,381.00,,5.0 (48),2 beds,Chalet in Grand √âtang,,Canada
8,"Room in apartment, traditional neighborhood",29.00,,4.84 (58),2 beds,Room in Mexico City,,Mexico
9,Peacock Tiny House near Las Vegas,154.00,,4.92 (744),3 beds,Tiny home in Sandy Valley,Nevada,US
10,Hidden Valley‚Äôs Guest Suite - explore nature,207.00,,4.97 (265),2 beds,Guest suite in Huntsville,,Canada
11,Downey Family Cabin. Barrel Sauna Included!,162.00,,4.99 (226),2 king beds,Cabin in Nelson,,Canada
12,Dome in the Desert in Joshua Tree,268.00,,4.94 (944),1 king bed,Dome in Joshua Tree,California,US
13,Private Barn Studio at Pura Vida Florida Farm,111.00,,4.95 (417),2 double beds,Barn in Vero Beach,Florida,US
14,Cozy Tiny House Cabin between Burlington and Stowe,174.00,,4.97 (372),2 queen beds,Tiny home in Bolton,Vermont,US
15,Peace Cabin - private waterfront forest retreat,497.00,,4.99 (69),1 king bed,Cabin in Ucluelet,,Canada
16,14th Homestead Barn Loft,163.00,,4.9 (289),1 king bed,Barn in Essex,,Canada
17,"Lagoon Front Hut: Daily Cleaning, Bikes & Kayaks!",141.00,,4.89 (633),1 king bed,Apartment in Bacalar,,Mexico
18,The Forestry House - A modern luxury treehouse.,282.00,417.00,New,1 bed,Treehouse in Travelers Rest,South Carolina,US
19,Underground Hobbit Hole @ Sustainable Ecovillage,89.00,253.00,4.54 (195),1 bed,Farm stay in Del Norte County,California,US
20,Rainforest Tree House with Hot Springs,132.00,,4.84 (763),3 beds,Treehouse in San Carlos,,Costa Rica
21,Tullihas in the Trees Off-Grid Treehouse,143.00,,4.98 (181),2 beds,Treehouse in Frazeysburg,Ohio,US
22,SECLUDED LAKESIDE CABIN,463.00,,4.99 (172),3 beds,Cabin in Rodney,,Canada
23,Fauria Colonial House (Room 3),29.00,,4.92 (75),1 bed,Room in La Habana,,Cuba
24,Domeland: Off-grid Adobe Dome near Big Bend,136.00,,4.95 (863),5 beds,Dome in Terlingua,Texas,US
25,Lake Sutherland Waterfront Cabin w/ Expansive Dock,688.00,,4.82 (83),1 king bed,Home in Port Angeles,Washington,US
26,Luxury Tree House X Magical Romantic Forest! Pool!,658.00,,4.91 (142),1 king bed,Treehouse in Fredericksburg,Texas,US
27,Scandinavian-Inspired Tiny Home Experience,392.00,,4.98 (95),2 beds,Cottage in Harcourt,,Canada
28,Tiny House Cubo Nube Santa Elena 40 min. Medellin.,67.00,,4.95 (197),1 queen bed,Tiny home in Medell√≠n,,Colombia
29,Chalet Boutique Saltamontes Santa Elena,51.00,,4.94 (232),2 beds,Cabin in Medell√≠n,,Colombia
30,Secluded View! A-Frame Hot Tub and Fire Pit,354.00,,4.95 (20),1 queen bed,Cabin in Bryson City,North Carolina,US
31,‚òÖ BubbleSky Glamping ‚òÖ One Night Under Stars ‚òÖ3,107.00,,4.9 (154),2 king beds,Place to stay in Retiro,,Colombia
32,Cozy Oceanview Cabin,102.00,,4.88 (76),1 king bed,Cabin in Bluefields,,Jamaica
33,Hut #1 Romantic Luxury Beachfront,171.00,,4.89 (377),2 beds,Hut in Bavaro,,Dominican Republic
34,Treehouse w/Breathtaking Views+HotTub+Hiking+Falls,286.00,,5.0 (21),1 queen bed,Treehouse in Marion,North Carolina,US
35,‚ÄúWhimsical Stone Abode‚Äù - Boston Magazine,301.00,,5.0 (244),1 queen bed,Dome in Sandgate,Vermont,US
36,Buddha Loft in Romantic Zone of Puerto Vallarta,112.00,146.00,4.85 (175),1 bed,Condo in Puerto Vallarta,,Mexico
37,The G Frame...an offGrid Cabin + woodstove sauna,169.00,"1,089.00",4.96 (395),2 king beds,Cabin in Sanbornton,New Hampshire,US
38,Casa Blanca B&B with beautiful terrace &sea views,43.00,630.00,4.82 (359),2 king beds,Room in La Habana,,Cuba
39,Walk to the Beach from this Ocean Front Home,"1,463.00",225.00,4.94 (149),9 beds,Home in Moss Beach,California,US
40,"Cozy Modern Beach House w/ Pool, Hot Tub & More!",764.00,819.00,4.74 (19),2 queen beds,Cottage in Wheatley,,Canada
41,"Crystal Cabin, Restored Vintage Lodge in Topanga State Park",225.00,,4.94 (209),1 double bed,Cabin in Topanga,California,US
42,Casa An√≠s,40.00,,4.96 (202),3 beds,Chalet in Cajic√°,,Colombia
43,Warm Pine A-frame Nestled In The Trees!,287.00,,4.79 (536),1 double bed,Cabin in Center Conway,New Hampshire,US
44,Hambrook Point Cottage ‚ÄúHomestead‚Äù,93.00,,4.87 (360),3 beds,Cottage in Renous,,Canada
45,O‚Äôs Barn Cabin,118.00,,4.94 (296),2 double beds,Tiny home in Huntsville,Missouri,US
46,"Artsy ""Glamping"" experience",138.00,,4.91 (278),3 beds,Tiny home in Castleton,,Canada
47,"Seamist Beach Cottage, Private Beach & Ocean views",670.00,,4.7 (256),2 beds,Cottage in Bodega Bay,California,US
48,100+ Year old Rustic Log Cabin near Ghost Lake,135.00,,4.83 (459),1 sofa bed,Cabin in Rocky View County,,Canada
49,The Dragon + Private Island,178.00,,4.87 (61),1 queen bed,Houseboat in Low,,Canada
50,"Private Cottage, enjoy beach, sunsets & fishing.",218.00,,4.89 (314),3 beds,Guesthouse in Key Largo,Florida,US
51,"Malibu, Carbon Beach - Suite Seven",898.00,,4.86 (311),2 queen beds,Condo in Malibu,California,US
52,Waterfront Cottage #1 /Waterfront cottage,144.00,,4.92 (267),2 queen beds,Cottage in Petit-Tracadie,,Canada
53,Harrell‚Äôs Cabin,125.00,,4.82 (612),2 queen beds,Cabin in Jarratt,Virginia,US
54,6 Ibuku Big Cabin by Lake Jacuzzi Kayak,220.00,372.00,4.93 (46),7 beds,Cabin in El Pe√±ol,,Colombia
55,The Brite House - Oceanfront Sojourn,305.00,251.00,4.87 (319),3 beds,Guest suite in North Vancouver,,Canada
56,‚ô® Cedar Coast Lodge - Coastal retreat w/ HOT TUB,480.00,290.00,4.82 (125),5 beds,Home in Shirley,,Canada
57,"LUXURY 5‚òÖs ICON BRICKELL CONDO@47TH, GYM/POOL",398.00,265.00,4.89 (605),2 beds,Apartment in Miami,Florida,US
58,Mansion in the Park - garden view queen en suite,148.00,39.00,4.99 (93),3 queen beds,Room in Kansas City,Missouri,US
59,Dome L'Albatros | Private Spa | BBQ Zone,322.00,232.00,4.86 (196),6 beds,Dome in Lac-Sup√©rieur,,Canada
60,The Majesta ! Incredible Sunset !,315.00,78.00,5.0 (11),1 king bed,Chalet in Saint-Damien,,Canada
61,"Heaven Lodge, entire house surrounded by nature",128.00,,4.86 (155),1 king bed,Home in Tulum,,Mexico
62,‚òÜKing Bed Apartment‚òÜ Suk-Ha ‚òÜ La Veleta,55.00,,4.6 (73),4 beds,Apartment in Tulum,,Mexico
63,Newly-Constructed Riverfront Chalet,360.00,,4.97 (95),2 beds,Chalet in Durham,,Canada
64,"Yellowstone Luxury Tent; sleeps 3, 1 king +1 futon",224.00,,5.0 (31),2 queen beds,Tent in Island Park,Idaho,US
65,A-Frame Apogee | Hot Tub ¬∑ Epic Views ¬∑ Swing Set,227.00,,4.96 (166),1 queen bed,Cabin in Arrowbear Lake,California,US
66,The Nest at Crash Boat. Only waterfront on Beach,363.00,,4.9 (143),3 beds,Home in Borinquen,,Puerto Rico
67,Cozy Riverfront Cottage Retreat with Dock,232.00,,4.84 (55),1 bed,Cottage in Wasaga Beach,,Canada
68,The Ruby -A Rustic Red Ark tiny home,81.00,,4.98 (43),2 beds,Tiny home in Blockhouse,,Canada
69,Romantic lakefront estate with lake view & deck,271.00,,5.0 (311),2 beds,Guesthouse in Peachland,,Canada
70,The Vermont Dream Cabin on 70 Acres,219.00,,4.89 (136),1 king bed,Cabin in Shaftsbury,Vermont,US
71,Jungle Lodge at Nahouse in Tulum,109.00,,None,1 king bed,Cabin in Tulum,,Mexico
72,Cougar Dome at Winderdome Resort!,335.00,223.00,5.0 (16),3 beds,Dome in Windermere,,Canada
73,Cool Clean Condo with Brilliant Oceanfront View,261.00,63.00,4.58 (108),2 beds,Condo in Myrtle Beach,South Carolina,US
74,Beachfront Laguna Beach Magnificent Oceanviews 26,287.00,228.00,4.38 (396),2 queen beds,Hotel room in Laguna Beach,California,US
75,"Su mejor opci√≥n en Playa del Carmen, a pasos de la quinta av.",89.00,198.00,4.78 (231),2 beds,Apartment in Playa del Carmen,,Mexico
76,Cozy Cabin #2 - private cabin in the wilderness!,71.00,141.00,4.89 (90),2 beds,Tiny home in Maynooth,,Canada
77,Villa Vista Puerto,138.00,169.00,4.86 (493),2 sofa beds,Guesthouse in Cabo Rojo,,Puerto Rico
78,Split View Two,134.00,,4.95 (81),1 double bed,Tiny home in Canning,,Canada
79,The Sugar Shack a unique cabin in the Rainforest,75.00,,4.92 (447),2 beds,Cottage in Luquillo,,Puerto Rico
80,Noelani-My Perfect Stays Special: Jun 9-16 $189,302.00,,4.82 (71),1 king bed,Condo in Lahaina,Hawaii,US
81,Amazing Hyde One-bedroom apartment on the Beach,248.00,,4.56 (62),2 beds,Condo in Hollywood,Florida,US
82,East hill cabins #1,91.00,,4.82 (334),2 beds,Cabin in Naples,New York,US
83,Sunset Wilderness Camp,34.00,,4.0 (3),1 bed,Campsite in Nemaiah Valley,,Canada
84,Chateau Ridge Chalet w/ Mountain View,154.00,,4.84 (95),4 beds,Loft in The Blue Mountains,,Canada
85,Cozy Blue Mountain Retreat @!@Spring Rates@!@,118.00,,4.72 (365),2 queen beds,Loft in The Blue Mountains,,Canada
86,5 min to Airport with Terrace in a Safe area !,31.00,,4.85 (227),1 queen bed,Room in Mexico City,,Mexico
87,The Cabin at Fernwood Hills,112.00,,4.9 (597),1 king bed,Tiny home in Komoka,,Canada
88,Hut #3 Romantic Luxury on the sand,132.00,,4.86 (29),2 beds,Place to stay in Punta Cana,,Dominican Republic
89,State Park A-Frame with Hiking Trails & Arcade,239.00,,4.97 (29),2 beds,Home in Hilbert,Wisconsin,US
90,Luxury Dome w/ Hot Tub & Mountain View,291.00,169.00,5.0 (11),2 beds,Dome in Whittier,North Carolina,US
91,Hut #3 Romantic Luxury on the sand,132.00,42.00,4.86 (29),1 king bed,Place to stay in Punta Cana,,Dominican Republic
92,State Park A-Frame with Hiking Trails & Arcade,239.00,132.00,4.97 (29),2 beds,Home in Hilbert,Wisconsin,US
93,House with pool in the heights of Santa Teresa,230.00,47.00,5.0 (6),3 beds,Home in Puntarenas Province,,Costa Rica
94,Kapetsowa Container Loft near Monteverde Reserve,159.00,161.00,4.87 (396),2 queen beds,Loft in Monteverde,,Costa Rica
95,Cabin Over a water fall,82.00,,4.94 (133),1 bed,Nature lodge in Quesada,,Costa Rica
96,Cozy Houseboat ‚ÄúWild One‚Äù,233.00,,5.0 (4),2 beds,Boat in Key West,Florida,US
97,Pipe‚Äôs Lodge,51.00,,4.87 (31),1 double bed,Cabin in Zapotal,,Costa Rica
98,New Carriage House * 1 Block to Beach * King Bed!,231.00,,New,1 king bed,Guesthouse in Destin,Florida,US
99,Beachfront Bungalow with private hydromassage Pool,162.00,,4.95 (149),1 queen bed,Tiny home in Playa Hermosa,,Costa Rica
100,Bellingham A-Frame - Hot tub & Firepit,232.00,,New,2 beds,Home in Bellingham,Washington,US
101,"Villa Boh√®me 3, 1BR with Patio",115.00,,New,1 bed,Apartment in San Juan,,Puerto Rico
102,Loft Boutique Cd de M√©xico Mountain view üèî,57.00,,4.84 (155),1 queen bed,Loft in Mexico City,,Mexico
103,New lux cabin w/mount index view,253.00,,4.86 (7),2 beds,Cabin in Gold Bar,Washington,US
104,Guesthouse Great Ocean & Mountain Views near Beach,468.00,,4.87 (694),1 queen bed,Home in Malibu,California,US
105,The Little Tree House at Country Club of Orlando,127.00,,4.98 (604),1 queen bed,Tiny home in Orlando,Florida,US
106,Paradise awaits on this cozy houseboat!,276.00,,4.77 (98),1 king bed,Boat in Marathon,Florida,US
107,Hut #2 Romantic Luxury on the sand,186.00,,4.94 (226),2 beds,Hut in Uvero Alto - Bavaro - Punta Cana,,Dominican Republic
108,Loft ALAMO /El Refugio Caba√±as Mazamitla,58.00,161.00,4.44 (146),2 king beds,Loft in Mazamitla,,Mexico
109,Hut #2 Romantic Luxury on the sand,186.00,192.00,4.94 (226),2 beds,Hut in Uvero Alto - Bavaro - Punta Cana,,Dominican Republic
110,Pool View Beach Residence / Private Beach Access,37.00,132.00,4.71 (156),1 queen bed,Apartment in Punta Cana,,Dominican Republic
111,Eagles Nest Treehouse w/Hot tub!,244.00,63.00,New,3 beds,Treehouse in Wardensville,West Virginia,US
112,Modern Houseboat On the water,173.00,49.00,4.97 (264),1 bed,Boat in Stuart,Florida,US
113,BoHo lofts & studios new modern w/ ocean-view pool,38.00,,4.59 (183),1 queen bed,Apartment in Playa del Carmen,,Mexico
114,Oceanfront 14th Floor Brand New Beachfront Flat,302.00,,4.85 (646),2 beds,Condo in Miami Beach,Florida,US
115,Hobbithenge,142.00,,4.83 (304),1 double bed,Earthen home in Weaverville,North Carolina,US
116,Beachfront Bungalow w/ private hydromassage pool 2,147.00,,4.9 (68),2 beds,Shipping container in Playa Hermosa,,Costa Rica
117,"Luxury Treehouse, Romantic, Views, Hike-Waterfall",228.00,,5.0 (18),1 bed,Cabin in Marion,North Carolina,US
118,Quiet and Private Retreat in a 1967 Airstream on the Coast.,220.00,,4.93 (347),2 beds,Camper/RV in Half Moon Bay,California,US
119,Tiny Dome River Glamping Experience,143.00,,4.86 (289),1 queen bed,Dome in Hiawassee,Georgia,US
120,New Boho Sabana Apartment Close to Airports w/ AC,89.00,,4.85 (81),1 bed,Apartment in San Jos√©,,Costa Rica
121,Elegant Ocean Front Condo! Rosarito Beach !WOW!!,171.00,,4.81 (245),2 queen beds,Condo in Rosarito,,Mexico
122,Highest Reviewed - Ocean Front + Free Parking!,170.00,,4.85 (278),2 queen beds,Condo in Atlantic City,New Jersey,US
123,The Dawn of Annapurna Cabin,61.00,,4.87 (188),1 queen bed,Cabin in Santa Marta,,Colombia
124,"Cabo Center,Ocean view Great price!",55.00,,4.94 (615),1 king bed,Home in Cabo San Lucas,,Mexico
125,nortehaus - Nordic and Japanese inspired escape,402.00,,5.0 (24),2 queen beds,Home in Kawartha Lakes,,Canada
126,Architect's Loft in Cholula,32.00,25.00,4.81 (202),1 queen bed,Loft in Cholula,,Mexico
127,Jungle house 3km to Jaco beach & town center,76.00,67.00,4.84 (153),2 queen beds,Cabin in Jac√≥,,Costa Rica
128,"Malibu Charming GH, Mins Drive to Beach & Hike",332.00,85.00,4.78 (558),1 queen bed,Tiny home in Malibu,California,US
129,Studio near Disney,80.00,266.00,4.43 (132),1 king bed,Apartment in Orlando,Florida,US
130,Charming Treehouse with Pool,217.00,330.00,5.0 (172),1 bed,Treehouse in R√≠o Grande,,Puerto Rico
131,Oceanfront loft,100.00,253.00,4.92 (177),2 beds,Loft in Mazatl√°n,,Mexico
132,Majestic Ocean Front Terrace II,57.00,,4.83 (240),2 queen beds,Apartment in Canc√∫n,,Mexico
133,New! Bamboo Bosque Mio (Stars & Campfires),113.00,,4.82 (56),3 beds,Home in Real Montecassino,,Mexico
134,"Cabin for 2 w/ Hot Tub, Muskoka Romantic Getaway",335.00,,4.97 (179),1 queen bed,Cottage in Huntsville,,Canada
135,Old Havana+Cuban Style Place+Roof Top+WiFi,57.00,,4.48 (161),1 king bed,Apartment in La Habana,,Cuba
136,"Heated Pool, Putt Putt Golf",468.00,,4.93 (15),5 beds,Home in Vero Beach,Florida,US
137,Guest Suite in Historic Architecture Home,55.00,,4.82 (443),2 queen beds,Room in Cuauht√©moc,,Mexico
138,$87 a night Molokai Escape Condo,101.00,,4.76 (337),1 double bed,Condo in Kaunakakai,Hawaii,US
139,Treehouse on a Coffee Farm with Ocean View,74.00,,5.0 (13),1 king bed,Treehouse in Atenas,,Costa Rica
140,Design Casa Patchouli with private pool and lounge,283.00,,4.98 (80),1 double bed,Apartment in Tulum,,Mexico
141,Peque√±o espacio Rom√°ntico piscina y muelle privado,220.00,,4.95 (139),1 bed,Shipping container in Jauca,,Puerto Rico
142,Haven in the Woods- tiny home WiFi & solar power,76.00,,5.0 (4),1 king bed,Tiny home in Peachland,,Canada
143,Mimosa Y - Beautiful Unique Container Home w' Pool,90.00,,4.85 (54),1 king bed,Shipping container in Puerto Viejo de Talamanca,,Costa Rica
144,Mimosa Y - Beautiful Unique Container Home w' Pool,90.00,522.00,4.85 (54),1 king bed,Shipping container in Puerto Viejo de Talamanca,,Costa Rica
145,COMFORTABLE BEACH DEPA OVERLOOKING THE SEA,42.00,96.00,4.57 (226),1 bed,Apartment in Acapulco,,Mexico
146,Waterfront Glamping Muddy Creek PA,102.00,,4.95 (22),1 king bed,Yurt in Airville,Pennsylvania,US
147,2 Pools on property | Walk to the beach | Rosalina Ocean Park | Luxury Suite 3,164.00,,4.81 (212),2 queen beds,Boutique hotel in San Juan,,Puerto Rico
148,Love nest when singing of the Sea!,41.00,,4.68 (266),9 beds,Room in Acapulco,,Mexico
149,Casa La Paz vistas al mar @ Pinilla Highlands,146.00,,4.86 (7),1 bed,Home in Pinilla,,Costa Rica
150,Lovely farm cabin experience,114.00,,5.0 (5),2 beds,Farm stay in Siler City,North Carolina,US
151,Pine River Bunkies: Heron‚Äôs Landing Off Grid Cabin,120.00,,4.89 (103),2 beds,Tiny home in Horning's Mills,,Canada
152,The Alpine Airstream at Mt. Rainier with Hot Tub,286.00,,5.0 (11),1 queen bed,Camper/RV in Ashford,Washington,US
153,"Surf, Sand & Sunsets - Goldenrod CdM BEACH STUDIO",229.00,,4.8 (289),3 beds,Bungalow in Newport Beach,California,US
154,Refugio LOS PAPIROS,18.00,,4.89 (66),3 beds,Hut in Guarne,,Colombia
155,Beach crab.,43.00,,4.74 (270),3 beds,Room in Acapulco,,Mexico
156,Fire & Water | Rejuvenating Stay on the Riverbend,743.00,,4.83 (175),1 double bed,Cabin in Fennville,Michigan,US
157,Black rose -Right house-,243.00,,4.63 (275),1 queen bed,Home in Tamanique,,El Salvador
158,"Casa El Paraiso, Las Galeras (room #5)",286.00,,4.94 (270),3 beds,Nature lodge in Las Galeras,,Dominican Republic
159,Holistic House Diamond,160.00,,4.96 (274),3 beds,Room in Monteverde,,Costa Rica
160,"Malibu Serene Guest House, Mins to Beach & Hike",252.00,,4.77 (298),3 beds,Tiny home in Malibu,California,US
161,Free Transportation / Premium Beach Loft 1711th,138.00,,5.0 (15),3 beds,Apartment in Canc√∫n,,Mexico
162,Cozy cabin on 5 acres !,86.00,114.00,4.73 (124),2 beds,Cabin in Gilmour,,Canada
163,OceanfrontStudio-Slps4-Pool-Pickleball-HBOMax-Dis+,291.00,191.00,4.94 (80),2 beds,Condo in Ocean City,Maryland,US
164,Amazing Ocean Front II,45.00,41.00,4.88 (306),1 queen bed,Apartment in Canc√∫n,,Mexico
165,LUXE & STYLISH/3BR/LAS OLAS CONDO/12TH FLR/ROSARITO,173.00,138.00,4.8 (207),4 beds,Condo in Rosarito,,Mexico
166,"Lovely Private Room-Manhattan, 70s-Upper East Side",103.00,89.00,4.93 (30),1 bed,Room in New York,New York,US
167,1 BD PRIVATE HOUSEBOAT/ COTTAGE TARPON,229.00,,4.85 (74),1 queen bed,Cottage in Islamorada,Florida,US
168,‚ÄúWhat a wonderful world‚Äù - Modern Farmhouse,165.00,,4.87 (478),1 queen bed,Apartment in Gordonville,Pennsylvania,US
169,Glass Roof House #2 at Glass 20.87,221.00,,4.93 (68),2 queen beds,Cottage in Quintana Roo,,Mexico
170,"Modern Cabin On Pond, AC & Porch",231.00,,New,1 king bed,Cabin in Georgetown,Maine,US
171,Romantic Ocean Penthouse w/ panoramic marina views,247.00,,4.77 (111),1 bed,Apartment in Marina del Rey,California,US
172,Posada Sarita,50.00,,4.56 (176),3 beds,Hotel in Tepoztl√°n,,Mexico
173,"Beach Bungalow on the Sand, Steps to the Ocean",483.00,,4.93 (213),2 beds,Cottage in Oceanside,California,US
174,Historic Venice Apt 1/2 blocks to beach+parking,185.00,,4.94 (431),2 beds,Apartment in Los Angeles,California,US
175,Amazing Modern Home with Pool and Hot Tub!,167.00,,4.84 (136),2 beds,Home in Cape Coral,Florida,US
176,"Malibu, Carbon Beach - Suite Three",649.00,,4.8 (425),3 beds,Condo in Malibu,California,US
177,Cozy Farm Stay Getaway,99.00,,4.86 (183),2 queen beds,Farm stay in Saint Marys,,Canada
178,UpStream (Waterfront Cabin With Wood Stove & WiFi),97.00,,4.87 (101),1 bed,Tiny home in Mill Village,,Canada
179,M6. Alojamiento ideal para explorar Tepoztl√°n,40.00,,4.86 (28),1 bed,Place to stay in Tepoztl√°n,,Mexico
180,Scenic Solitude-Amazing Mountain views on 5 acres,302.00,175.00,5.0 (44),2 beds,Cabin in Mineral Bluff,Georgia,US
181,"Lovely Private Room-Manhattan, 70s-Upper East Side",103.00,114.00,4.93 (30),1 bed,Room in New York,New York,US
182,1 BD PRIVATE HOUSEBOAT/ COTTAGE TARPON,229.00,191.00,4.85 (74),1 queen bed,Cottage in Islamorada,Florida,US
183,‚ÄúWhat a wonderful world‚Äù - Modern Farmhouse,165.00,41.00,4.87 (478),1 queen bed,Apartment in Gordonville,Pennsylvania,US
184,Glass Roof House #2 at Glass 20.87,221.00,138.00,4.93 (68),1 queen bed,Cottage in Quintana Roo,,Mexico
185,‚ÄúPlaya Luna‚Äù- Breathtaking Ocean and City Views,138.00,89.00,4.88 (159),1 bed,Condo in Luquillo,,Puerto Rico
186,"Peace, Beauty & Ocean View, Malibu",189.00,165.00,4.95 (1014),1 king bed,Room in Malibu,California,US
187,Lount Treetop Rentals - Unit 2,135.00,48.00,4.97 (173),1 bed,Treehouse in Sundridge,,Canada
188,Romantic Ocean Penthouse w/ panoramic marina views,247.00,,4.77 (111),2 beds,Apartment in Marina del Rey,California,US
189,Posada Sarita,50.00,,4.56 (176),3 beds,Hotel in Tepoztl√°n,,Mexico
190,Amazing Modern Home with Pool and Hot Tub!,167.00,,4.84 (136),1 queen bed,Home in Cape Coral,Florida,US
191,Cozy Farm Stay Getaway,99.00,,4.86 (183),2 double beds,Farm stay in Saint Marys,,Canada
192,Beach Front Condo In Casa Del Mar,205.00,,4.72 (389),2 beds,Apartment in Galveston,Texas,US
193,Laguna Beach Studio Oceanviews 49,148.00,,4.36 (273),2 beds,Apartment in Laguna Beach,California,US
194,Charming Beach Condo in Bavaro Top Location,57.00,,4.76 (200),1 queen bed,Apartment in Punta Cana,,Dominican Republic
195,400+ Airbnb Visits: Incredible Mountain Cabin,137.00,,4.85 (325),2 double beds,Cabin in Woodford,Vermont,US
196,the legendary wildwood cabins ~ CABIN 2,126.00,,4.99 (742),2 double beds,Cabin in Bowen Island,,Canada
197,Oceanfront Laguna Beach Amazing Views 28,276.00,,4.63 (390),2 double beds,Hotel room in Laguna Beach,California,US
198,Lake Sports Home & Super water sports!,154.00,233.00,5.0 (18),3 beds,Place to stay in Hopatcong,New Jersey,US
199,Waterfront Sea Cottage,82.00,,4.8 (276),1 queen bed,Guesthouse in Naples,Florida,US
200,Cedar Springs Cabin - A Cozy Hideaway in the Woods,346.00,,4.97 (76),2 beds,Cabin in Reaboro,,Canada
201,Beachfront at its finest @ San Jose del Cabo! ü§©üèÑüèº‚Äç‚ôÇÔ∏èüèñ,78.00,,4.75 (186),1 bed,Apartment in San Jos√© del Cabo,,Mexico
202,Tiny Beach front house,89.00,,4.73 (140),2 beds,Cabin in Puerto Viejo de Talamanca,,Costa Rica
203,Coyote's Den at The Howling Woods,123.00,,4.87 (303),2 single beds,Tiny home in Tremont,Maine,US
204,"Near Ocean, BBQ, Dog OK, Cute Manzanita Beach",147.00,,New,2 queen beds,Home in Manzanita,Oregon,US
205,Stunning house on lake Ontario,210.00,,4.9 (192),2 beds,Home in Hamilton,,Canada
206,"Oceanfront Lookout Point w/two Kayaks,Beach & Dock",254.00,,4.86 (90),1 queen bed,Tiny home in Key Largo,Florida,US
207,Saint Tropez Boutique Hotel,125.00,,4.78 (74),1 king bed,Hotel in Willemstad,,Cura√ßao
208,the legendary wildwood cabins ~ CABIN 4,173.00,,4.98 (678),1 queen bed,Cabin in Bowen Island,,Canada
209,1-Private room/bbq/patio. 2 full bed 1 couch bed.,258.00,,4.83 (40),2 beds,Room in Key West,Florida,US
210,Beautiful corner unit condo right on the beach!,298.00,,4.97 (73),2 sofa beds,Condo in East End,,U.S. Virgin Islands
211,House Boat Sunset Bay Marina Stuart Fl,127.00,,4.92 (279),2 beds,Boat in Stuart,Florida,US
212,Surf Shack Guiones - perfect beach location,130.00,,4.82 (278),2 beds,Apartment in Guanacaste Province,,Costa Rica
213,Glamping Cabin at Balderson Blueberries,80.00,,4.89 (76),1 queen bed,Hut in Balderson,,Canada
214,Bamboo Cottage in Aptos Mountain Retreat & Spa,130.00,,4.78 (257),1 queen bed,Tiny home in Aptos,California,US
215,The Ohana,99.00,,4.86 (182),1 queen bed,Guesthouse in Naalehu,Hawaii,US
216,23FL Skyline King Studio w/Ocean & City Views.,221.00,174.00,4.95 (41),2 beds,Condo in Honolulu,Hawaii,US
217,Room 2 Queen beds- Buffet Breakfast-Steps to beach,116.00,139.00,4.38 (156),2 beds,Boutique hotel in Miami Beach,Florida,US
218,"Luxury Condo in Hotel, amenities Downtown/Brickell",219.00,61.00,4.94 (72),2 sofa beds,Condo in Miami,Florida,US
219,The Ohana,99.00,97.00,4.86 (182),1 queen bed,Guesthouse in Naalehu,Hawaii,US
220,Enchanting Tiny Home 1 KM from downtown Sackville,117.00,192.00,4.86 (64),1 queen bed,Tiny home in Sackville,,Canada
221,Isla Verde Beach Studio {105},97.00,126.00,4.67 (433),2 queen beds,Apartment in Carolina,,Puerto Rico
222,Beachfront Condo Now Available! Sleeps 4 + Parking,133.00,,4.51 (88),2 beds,Condo in Atlantic City,New Jersey,US
223,CASA BADAWI in 400m Tropical Garden. Optical Fiber,72.00,,4.96 (108),2 beds,Bungalow in Puerto Viejo de Talamanca,,Costa Rica
224,Beachside Apartment with Pool,117.00,,4.84 (270),2 beds,Apartment in Santa Teresa Beach,,Costa Rica
225,Oceanfront 16th Floor Brand New Beachfront Flat,302.00,,4.83 (683),1 bed,Condo in Miami Beach,Florida,US
226,"House1 private swming pool, BBQ ranch, wifi 200mb",43.00,,4.83 (108),4 beds,Chalet in Matapalo,,Costa Rica
227,"LOVELY ROOM, WALK TO BEACH, GORGEOUS DECK",146.00,,4.88 (256),2 queen beds,Room in Panama City Beach,Florida,US
228,Beachfront Escape Unit #1 at Beachcomber Cottages,212.00,,4.54 (151),2 beds,Apartment in Yachats,Oregon,US
229,CDM-Beach living @ Condado with pool and parking!,144.00,,4.84 (141),2 king beds,Condo in San Juan,,Puerto Rico
230,AHHH-MAZING VIEWS! Beach Front Apt.,121.00,,4.88 (490),2 beds,Condo in Luquillo,,Puerto Rico
231,"Tropical Island Escape w/ Deck, Walk to Avalon Bay",336.00,,4.34 (80),1 queen bed,Home in Avalon,California,US
232,"The Thimbleberry MicroCabin near lake, hot tub use",108.00,,4.97 (146),1 queen bed,Cabin in Sorrento,,Canada
233,Private room/bathroom in modern house with Pool,128.00,,4.83 (181),1 queen bed,Room in Miami,Florida,US
234,"Modern 1/1, Half a Block from The Ocean",140.00,92.00,4.75 (308),2 beds,Apartment in Miami Beach,Florida,US
235,Satori Suite (The Bamboo House),199.00,159.00,4.91 (292),2 double beds,Room in Kailua-Kona,Hawaii,US
236,Cancun Suites (Standard Room),81.00,140.00,4.47 (192),3 beds,Apartment in Canc√∫n,,Mexico
237,Tropicana Suite-Grand Manor Luxury Mansion Loft,92.00,46.00,4.86 (494),1 king bed,Room in Galveston,Texas,US
238,Disney/Universal Home Away from Home!,162.00,48.00,4.95 (221),1 king bed,Room in Kissimmee,Florida,US
239,Pink Galaxy | Private Observatory ¬∑ Hot Tub ¬∑ Pool,283.00,192.00,5.0 (9),1 queen bed,Villa in Morongo Valley,California,US
240,Camera argento in tipica casa coloniale,42.00,,4.81 (168),3 beds,Room in La Habana,,Cuba
241,"GARDEN ROOM, private bathroom, separate entrance",184.00,,4.96 (284),2 beds,Room in Kihei,Hawaii,US
242,"Tree House - Beach Area, KS bed, 3 PPL",157.00,,4.75 (165),1 double bed,Treehouse in Zona Hotelera,,Mexico
243,It Hotel & Residences - Studio Rental in PDC,75.00,,4.79 (253),1 double bed,Apartment in Playa del Carmen,,Mexico
244,"Cozy & Neat hotel room 2pax ocean view WiFi,Pool",115.00,,4.52 (92),1 double bed,Hotel in Isla Mujeres,,Mexico
245,Meteora Stay & Coffehouse Tulum - Deluxe Queen,59.00,,4.74 (105),1 double bed,Hostel in Tulum,,Mexico
246,Movie Theater + Kid Friendly | Book the Dome!,200.00,,4.97 (64),1 double bed,Home in Oceanside,Oregon,US
247,My Adirondack Home - Very Scenic,107.00,,4.96 (520),1 double bed,Room in Wilmington,New York,US
248,New 16th Floor Beachfront 180¬∫ Oceanview Apartment,302.00,,4.87 (659),1 double bed,Condo in Miami Beach,Florida,US
249,Camilo's Luxury Shared Townhouse,81.00,,4.87 (301),1 double bed,Room in Canc√∫n,,Mexico
250,"Surf, family & friends! Tropical Room in downtown",51.00,,4.95 (86),1 double bed,Room in Canc√∫n,,Mexico
251,1208 Beach property part ocean & pool view,79.00,,4.64 (148),1 double bed,Apartment in Canc√∫n,,Mexico
252,Amazing panoramic tree house Norway,285.00,185.00,4.86 (410),1 double bed,Treehouse in Sandane ,,Norway
253,Beachfront Cottage on the Lake,140.00,141.00,4.72 (25),4 beds,Home in Jurk√≥w,,Poland
254,Off-Grid vineyard and olive orchard home.,144.00,136.00,5.0 (9),3 beds,Farm stay in ≈ûark√∂y,,Turkey
255,Mirror House Iceland,735.00,75.00,New,1 bed,Cabin in Hvanneyri,,Iceland
256,R.I.P. by ≈ò√çP - Rest In Pod by ≈ò√çP,78.00,,4.92 (36),1 sofa bed,Place to stay in Krabƒçice,,Czechia
257,LOVE Attic,209.00,,4.85 (178),2 beds,Condo in Fiumicino,,Italy
258,Natural show in Caba√±a Alcazaba,111.00,,4.86 (568),4 double beds,Cabin in G√ºejar Sierra,,Spain
259,MU_Moradas no Ulla 6. Caba√±as de Compostela.,112.00,,4.96 (89),1 queen bed,Cabin in Teo,,Spain
260,Unik Hobbit Cabin,221.00,,4.84 (239),2 beds,Place to stay in Hol,,Norway
261,Simple guesthouse on a farm. Double bed and sofa bed. Free Wi-Fi and parking. WC and living room/kitchenette in separate building,73.00,,4.89 (18),2 beds,Farm stay in Nyk√∂ping S,,Sweden
262,"Boat in Orlik, you want it!",78.00,,4.31 (29),4 sofa beds,Houseboat in Jickovice,,Czechia
263,Forest cabin,80.00,,4.84 (212),1 double bed,Cabin in Hornedo,,Spain
264,Amonde Village - Casa P * Comfort & Quality,168.00,,4.98 (51),3 beds,Home in Viana do Castelo,,Portugal
265,Tower house Gombola,166.00,,4.87 (45),3 beds,Tower in Gombola,,Italy
266,hut in the mid. of nowhere + priv pond+3 ha,181.00,,4.79 (396),2 beds,Cabin in Dar≈ºkowo,,Poland
267,The Water Tower at Long Meadow Farm,246.00,,4.85 (181),2 double beds,Home in Kenilworth,,UK
268,Alte Wasserm√ºhle Friedrichshausen - Eulenstube,55.00,,4.96 (25),3 beds,Room in Dassel,,Germany
269,Vovady Farm : Roulotte Boh√®me,82.00,,4.85 (34),3 beds,Farm stay in Montregard,,France
270,Biron aux Puces de Saint Vincent Market,95.00,84.00,4.9 (61),2 double beds,Room in Saint-Ouen,,France
271,Cabin on the countryside close to the small city.,111.00,136.00,4.71 (51),5 beds,Cabin in G√§llstad,,Sweden
272,La Barona Chalet,223.00,167.00,4.99 (240),1 bed,Cabin in Trasquera,,Italy
273,"""Lieblingsplatz"" shepherd's hut",55.00,,4.96 (24),2 beds,Shepherd‚Äôs hut in Hessisch Lichtenau,,Germany
274,Rectory Farm Hideaway,178.00,,4.93 (535),2 double beds,Hut in Oxfordshire,,UK
275,The Black Shack @ Bancran School,169.00,,4.97 (304),3 beds,Tiny home in Draperstown,,UK
276,Apartment Caribe - PlusHolidays,80.00,,3.67 (3),2 double beds,Apartment in Calpe,,Spain
277,Anty's Pond: Davy Crockett's Hut,93.00,,4.87 (150),2 double beds,Shepherd‚Äôs hut in Saint-Nabord,,France
278,Biarritz Grande Plage 25m2 with Balcony,176.00,,4.91 (316),2 beds,Apartment in Biarritz,,France
279,TRULLO ISABELLA,158.00,,4.98 (95),4 beds,Trullo in Ostuni,,Italy
280,Secluded Hand crafted log cabin,139.00,,5.0 (68),1 bed,Farm stay in Girvan,,UK
281,Stargazer Cabin - Monmouth Walking Distance Town,240.00,,4.9 (287),1 sofa bed,Cabin in Monmouth,,UK
282,"Baita Vrei (2)""Titta"" - Hut Lago Maggiore",61.00,,4.84 (63),2 beds,Home in Miazzina,,Italy
283,Tranquil retreat with fantastic countryside views,115.00,,4.92 (227),2 beds,Tiny home in Poltimore,,UK
284,Romantic and one-of-a-kind Beachouse,183.00,,4.88 (48),4 beds,Villa in Pollina,,Italy
285,Ilaira Apartments,86.00,,4.86 (38),1 double bed,Condo in ŒßœÅŒ¨ŒΩŒøŒπ,,Greece
286,Central 1bedroom apt by the sea,61.00,,4.76 (214),2 beds,Apartment in Rodos,,Greece
287,Cosy Romantic Cabin with Wood Burning Stove.,107.00,,4.96 (274),2 beds,Tiny home in Midmar,,UK
288,Historic residence surrounded by olive trees,75.00,115.00,4.98 (46),2 beds,Farm stay in Agello,,Italy
289,Wonderful Old Cabin on Rare Natural Site,147.00,133.00,4.93 (151),1 queen bed,Cabin in Adainville,,France
290,"Stay in the castle, with family or friends",92.00,118.00,4.94 (169),4 beds,Castle in Vay,,France
291,XS Village - Arrifana Suite (private bathroom),100.00,,4.96 (25),2 beds,Room in Aljezur,,Portugal
292,The Loft at the Bonnington Farm,135.00,,4.89 (423),1 bed,Barn in Rattray,,UK
293,KALEƒ∞√áƒ∞ BACCHUS OTEL DENƒ∞Z MANZARALI TATƒ∞L 501,83.00,,4.73 (230),1 bed,Hotel room in Muratpa≈üa,,Turkey
294,strawbale roundhouse for vegetarian,108.00,,4.9 (297),2 beds,Earthen home in Bronwydd Arms,,UK
295,Wohnung Ruth Herrenhaus Viecheln Anno 1869,121.00,,4.97 (34),2 beds,Room in Behren-L√ºbchin,,Germany
296,Swiss Tiny Chalet,109.00,,4.8 (157),4 single beds,Tiny home in Les Haud√®res,,Switzerland
297,The Napoleonic period chalet in the High Jura,105.00,,4.98 (190),1 queen bed,Chalet in √âtival,,France
298,"Moulin de Boiscorde, ideal for couples and families",128.00,,4.9 (41),3 beds,Home in R√©malard,,France
299,Rural Tuscany | Wine farm with pool | Terrarossa,148.00,,4.33 (6),5 beds,Farm stay in Montepulciano,,Italy
300,Magical Trullo in Ostuni Cis BR0740129000012213,105.00,,4.87 (87),1 sofa bed,Trullo in Ostuni,,Italy
301,Gruszk√≥wka 1 Cottage (7 km from Bia≈Çka ),96.00,,4.98 (86),1 bed,Cabin in Nowy Targ,,Poland
302,Woodland Stargazing Cabin,133.00,,4.83 (174),1 bed,Shepherd‚Äôs hut in Hollacombe,,UK
303,Room available in Greater London suburb home,43.00,,4.98 (94),1 bed,Room in London,,UK
304,Casa Tua,142.00,,4.66 (68),1 bed,Apartment in Megalochori,,Greece
305,CABIN X GPF,225.00,,4.99 (239),1 bed,Farm stay in Catsfield,,UK
306,Alhambra Trails 2,94.00,84.00,4.78 (36),2 beds,Room in La Zubia,,Spain
307,""" La cabane du Gozzi""",85.00,66.00,4.79 (346),2 beds,Chalet in Afa,,France
308,FLH Ericeira Ocean Flat,216.00,157.00,4.45 (187),3 beds,Apartment in Ericeira,,Portugal
309,manoir 19 √®me si√®cle LE COUTUREAU isaline,135.00,,5.0 (11),1 bed,Room in Rouffignac-de-Sigoul√®s,,France
310,Guesthouse an der Vechte,50.00,,4.94 (104),2 beds,Guesthouse in Esche,,Germany
311,L & C Deluxe Apartment - luxury and comfort,136.00,,5.0 (45),1 double bed,Condo in Kremasti,,Greece
312,Country House,69.00,,4.94 (84),3 beds,Room in Torreglia,,Italy
313,Luxury Triple cave room,129.00,,4.72 (32),4 beds,Cave in Mesaria,,Greece
314,Rural Retreat on the Ashdown Forest,184.00,,4.96 (114),1 double bed,Barn in Nutley,,UK
315,Magazine - Oskar Schwebel -,136.00,,4.66 (277),4 single beds,Castle in Winningen,,Germany
316,CasasdoCasinhotoD-Rustic House (pool; river view),131.00,,4.81 (43),1 double bed,Home in Bai√£o,,Portugal
317,Elegant Little Wyvis Lodge - Sleeps 2,159.00,,4.96 (95),3 beds,Nature lodge in Highland Council,,UK
318,Rural Aledo - El Estrecho,76.00,,4.78 (24),4 beds,Cabin in Totana,,Spain
319,Nasos' Treehouse,98.00,,4.81 (98),2 single beds,Treehouse in Fountana,,Greece
320,FredrikLars farm at Nordmarksberg Manor,44.00,,4.98 (46),2 single beds,Cabin in Filipstad N,,Sweden
321,"La Tana del Lupo B&B, family and outdoor sports",73.00,,4.99 (121),2 single beds,Room in Borgo Valsugana,,Italy
322,The Llama Lodge - a Log Cabin on a Llama Farm,205.00,,4.92 (60),2 single beds,Cabin in Llandissilio,,UK
323,"Quaint ""Petra Lustig"" construction car",48.00,,None,2 single beds,Camper/RV in Mayen,,Germany
324,Country House,69.00,66.00,4.94 (84),2 beds,Room in Torreglia,,Italy
325,Luxury Triple cave room,129.00,157.00,4.72 (32),3 beds,Cave in Mesaria,,Greece
326,Magazine - Oskar Schwebel -,136.00,99.00,4.66 (277),4 beds,Castle in Winningen,,Germany
327,CasasdoCasinhotoD-Rustic House (pool; river view),131.00,,4.81 (43),1 double bed,Home in Bai√£o,,Portugal
328,Elegant Little Wyvis Lodge - Sleeps 2,159.00,,4.96 (95),4 single beds,Nature lodge in Highland Council,,UK
329,Rural Aledo - El Estrecho,76.00,,4.78 (24),1 double bed,Cabin in Totana,,Spain
330,Nasos' Treehouse,98.00,,4.91 (32),1 queen bed,Treehouse in Fountana,,Greece
331,The North Windmill ‚öì Unique House with View,184.00,,4.98 (46),4 beds,Vacation home in Akrotiri,,Greece
332,"La Tana del Lupo B&B, family and outdoor sports",73.00,,4.99 (121),1 king bed,Room in Borgo Valsugana,,Italy
333,The Llama Lodge - a Log Cabin on a Llama Farm,205.00,,4.95 (111),2 beds,Cabin in Llandissilio,,UK
334,Bumble Bee Cottage,141.00,,4.93 (410),4 beds,Cottage in Trefeinon,,UK
335,Gorgeous yurt in amazing mountain/forest location,107.00,,4.91 (339),1 bed,Yurt in Cynwyd,,UK
336,"Diamond Home 1, romantic gem, 20 min to Acropolis",112.00,,4.79 (217),4 beds,Apartment in Athina,,Greece
337,TrulLetto,114.00,,4.85 (52),3 beds,Trullo in Alberobello,,Italy
338,"Tyga G√•rd, probably most beautiful on Bj√§re",94.00,,4.9 (43),1 queen bed,Cabin in B√•stad V,,Sweden
339,Silk Trulli,86.00,,4.52 (21),1 queen bed,Home in Coreggia,,Italy
340,The Olive Tree Court,92.00,,4.85 (143),1 queen bed,Trullo in Martina Franca,,Italy
341,LaCorte CAMERA BLU NEAR FERRARI WITH PRIVATE PARK,73.00,,None,1 queen bed,Room in Montale Rangone,Modena,Italy
342,Friedrichshain Beautiful Sunny Room with Balcony,135.00,73.00,5.0 (6),2 beds,Room in Berlin,,Germany
343,Cozy en-suite double room in S. Peter's / Borgo,60.00,67.00,4.88 (331),1 king bed,Room in Rome,,Italy
344,Star Night Room - Van Gogh Hills B&B,68.00,,4.91 (23),3 beds,Room in Santa Lucia,,Italy
345,La Petite Chaumi√®re,85.00,,4.79 (39),1 double bed,Home in Reclesne,,France
346,Green - Lawns in Tuscany,91.00,,4.97 (145),3 double beds,Farm stay in Asciano,,Italy
347,Casa Cerbaia | Betulla,86.00,,4.95 (19),4 double beds,Farm stay in Pennabilli,,Italy
348,"Sommerfj√∏set on Hovelsrud, Helg√∏ya",328.00,,4.96 (136),2 beds,Barn in Nes P√• Hedmark,,Norway
349,Cozy cottage in Tors√•ker (Hofors),75.00,,4.83 (254),4 single beds,Cabin in Tors√•ker,,Sweden
350,Nice place for your stay in Paris,86.00,,4.96 (319),1 sofa bed,Room in Saint-Mand√©,,France
351,"Peaceful, wooden garden cabin",93.00,,4.91 (255),1 sofa bed,Cabin in Walpole,,UK
352,Rural farm-Spacious triple bedroom with en suite,71.00,,4.92 (113),1 sofa bed,Place to stay in East Farndon,,UK
353,Private room in the heart of nature,42.00,,4.96 (114),1 sofa bed,Room in R√ºthen,,Germany
354,Xavier House,43.00,,4.89 (184),1 sofa bed,Room in Rome,,Italy
355,"Akti Karras, Plaka Naxos (up to 2 guests)",55.00,,4.91 (23),1 sofa bed,Apartment in Plaka,,Greece
356,Studio lookout,31.00,,4.45 (240),1 sofa bed,Condo in Saint-Lary-Soulan,,France
357,Bavarian room in the Dolomites,84.00,,4.8 (5),1 sofa bed,Room in Borgo Valbelluna,,Italy
358,Cosy interesting loam house,78.00,,5.0 (10),1 sofa bed,Room in Kassel,,Germany
359,Nice room in duplex + terrace near BCN,55.00,,4.89 (128),1 sofa bed,Room in Barcelona ,,Spain
360,Lost Paradise - A night into the Alentejo!,85.00,71.00,4.95 (39),5 double beds,Tent in Sab√≥ia,,Portugal
361,Cabin in the wild,95.00,78.00,4.98 (46),2 queen beds,Place to stay in Mont-le-Vernois,,France
362,Amazing shipping container house + sea views+ WIFI,164.00,,4.91 (43),1 bed,Shipping container in Dirlaught,,Ireland
363,"Countryside Sleeps, Bakery, Homestay",73.00,,4.95 (385),1 double bed,Hut in Witzenhausen,,Germany
364,Kimiro Hotel Tsilivi,97.00,,4.91 (43),1 double bed,Room in Planos,,Greece
365,Studio apartment with AC - Suite 3,34.00,,5.0 (3),3 beds,Apartment in Kadƒ±k√∂y,,Turkey
366,Sicilian Mountain Oasis - Entire Villa (Smart W.),100.00,,4.94 (325),2 double beds,Cottage in Nicosia,,Italy
367,ƒ∞zmir Bungalow. ( Urla treehouse 1),74.00,,4.82 (223),1 bed,Bungalow in Izmir,,Turkey
368,The Folly - Cornwall,111.00,,5.0 (11),1 bed,Guesthouse in Perranwell Station,,UK
369,Echoes Exclusive Suite,526.00,,4.98 (40),2 beds,Apartment in Areti,,Greece
370,Delightfull Dome with Hot tub & sauna on the beach,319.00,,4.98 (52),1 king bed,Dome in Wapnica,,Poland
371,Romantic Ocean View Couples Retreat Cornwall,357.00,,5.0 (61),2 beds,Cabin in Millbrook,,UK
372,THE AQUARIUM ‚Ä¶ waterfront üßúüèæ‚Äç‚ôÇÔ∏è,61.00,,4.72 (103),3 beds,Guest suite in La Marsa,,Tunisia
373,G√§ststuga Knorrasj√∂n,95.00,,New,2 double beds,Guesthouse in Jonstorp,,Sweden
374,Villa Laurito,185.00,,4.88 (66),1 double bed,Home in Positano,,Italy
375,"""La Parra"", rural tourism. Your home in paradise.",67.00,,4.99 (335),1 bed,Cottage in Benalaur√≠a,,Spain
376,Hascherle Hitt,86.00,,5.0 (57),2 beds,Tiny home in Muldenhammer,,Germany
377,Villa Trouz Ar Mor,135.00,,4.85 (13),2 beds,Home in Audierne,,France
378,ƒ∞zmir Bungalow. ( Urla treehouse 1),74.00,32.00,4.82 (223),2 double beds,Bungalow in Izmir,,Turkey
379,The Folly - Cornwall,111.00,,5.0 (11),1 bed,Guesthouse in Perranwell Station,,UK
380,Echoes Exclusive Suite,526.00,,4.98 (40),1 bed,Apartment in Areti,,Greece
381,Delightfull Dome with Hot tub & sauna on the beach,319.00,,4.98 (52),2 beds,Dome in Wapnica,,Poland
382,Romantic Ocean View Couples Retreat Cornwall,357.00,,5.0 (61),1 king bed,Cabin in Millbrook,,UK
383,THE AQUARIUM ‚Ä¶ waterfront üßúüèæ‚Äç‚ôÇÔ∏è,61.00,,4.72 (103),2 beds,Guest suite in La Marsa,,Tunisia
384,G√§ststuga Knorrasj√∂n,95.00,,New,3 beds,Guesthouse in Jonstorp,,Sweden
385,Villa Laurito,185.00,,4.88 (66),2 double beds,Home in Positano,,Italy
386,Peaceful Country Treehouse Nr Penzance & St Ives,294.00,,4.95 (292),1 double bed,Treehouse in Penzance,,UK
387,"""La Parra"", rural tourism. Your home in paradise.",67.00,,4.99 (335),1 double bed,Cottage in Benalaur√≠a,,Spain
388,Caba√±a ecol√≥gica de madera en la naturaleza,80.00,,4.79 (14),3 beds,Cabin in La Atalaya,,Spain
389,Gallas Pod House,57.00,,5.0 (25),2 beds,Tiny home in Vouzela,,Portugal
390,Hascherle Hitt,86.00,,5.0 (57),1 bed,Tiny home in Muldenhammer,,Germany
391,Waterfront #41Design - CozyCityCenter Flat,70.00,,4.84 (546),2 beds,Apartment in Thessaloniki,,Greece
392,Villa Trouz Ar Mor,135.00,,4.85 (13),2 beds,Home in Audierne,,France
393,Treehouse Izmir View all our houses please ..,40.00,,4.9 (394),3 double beds,Treehouse in Torbalƒ±,,Turkey
394,Kaktus Suites Fethiye - City Bungalow 2 w/pool,69.00,,4.87 (53),1 double bed,Bungalow in Fethiye,,Turkey
395,Yurt op Off-Grid Homestead,49.00,,4.92 (38),1 bed,Yurt in Finestrat,,Spain
396,Cabin into the wild,77.00,154.00,4.67 (282),1 queen bed,Cabin in Idrac respailles ,,France
397,üíéBoka Bay view apartment.üíé,93.00,102.00,4.69 (218),3 beds,Apartment in Kotor,,Montenegro
398,Seaside & Garden Single family home,104.00,124.00,4.94 (33),2 beds,Home in Chalkida,,Greece
399,Del Sol. Studio across the sea 1.,61.00,259.00,New,2 beds,Home in Skopelos,,Greece
400,"16th Century Scottish Borders Tower, by Earlston",252.00,113.00,4.96 (464),3 queen beds,Place to stay in Scottish Borders,,UK
401,Porto Bello Lux ( Sea View & Swimming Pool),58.00,,4.9 (110),4 beds,Loft in Bao≈°iƒái,,Montenegro
402,"Spectacular view of Supertubos beach, Peniche",126.00,,4.82 (34),3 beds,Home in Atouguia da Baleia,,Portugal
403,1A chalet resting crickets + hiking with indoor sauna,123.00,,4.67 (110),3 beds,Home in Bad Sankt Leonhard im Lavanttal,,Austria
404,Beachfront apartment with perfect seaview,231.00,,4.85 (204),4 beds,Vacation home in Punta Prima,,Spain
405,2 Cabins perched above a pond!,98.00,,4.91 (68),4 double beds,Treehouse in Verson,,France
406,Casale La Quercia - Tuscany country house,111.00,,4.94 (530),2 beds,Home in Vaiano,,Italy
407,"A Boscastle barn, rustic simplicity stunning views",141.00,,5.0 (9),1 king bed,Cottage in Boscastle,,UK
408,House with breathtaking views!,222.00,,4.97 (104),3 beds,Cabin in County Wicklow,,Ireland
409,La Casita de Las Negras,370.00,,4.85 (26),4 beds,Home in Las Negras,,Spain
410,King's Windmill - A little house in the woods,111.00,,4.54 (201),2 beds,Cabin in Serrazone,,Italy
411,Q3 BNB Premium Residence - The Engineering Tower,147.00,,4.8 (10),1 bed,Lighthouse in Ploemeur,,France
412,"The Haven Hut, warm, cosy and cute.",64.00,,4.67 (9),1 sofa bed,Cabin in Bridge of Earn,,UK
413,Washitsu.Casa camper Parking place w/house access,16.00,,None,1 bed,Campsite in Rif,,Iceland
414,Seaside & Garden Single family home,104.00,154.00,4.94 (33),2 beds,Home in Chalkida,,Greece
415,Del Sol. Studio across the sea 1.,61.00,73.00,New,2 beds,Home in Skopelos,,Greece
416,"16th Century Scottish Borders Tower, by Earlston",252.00,102.00,4.96 (464),3 queen beds,Place to stay in Scottish Borders,,UK
417,Porto Bello Lux ( Sea View & Swimming Pool),58.00,124.00,4.9 (110),4 beds,Loft in Bao≈°iƒái,,Montenegro
418,Ben's hat,82.00,113.00,4.92 (356),2 beds,Shepherd‚Äôs hut in County Durham,,UK
419,1A chalet resting crickets + hiking with indoor sauna,123.00,,4.67 (110),3 beds,Home in Bad Sankt Leonhard im Lavanttal,,Austria
420,Beachfront apartment with perfect seaview,231.00,,4.85 (204),4 beds,Vacation home in Punta Prima,,Spain
421,2 Cabins perched above a pond!,98.00,,4.94 (530),4 double beds,Treehouse in Verson,,France
422,"A Boscastle barn, rustic simplicity stunning views",141.00,,5.0 (18),1 king bed,Cottage in Boscastle,,UK
423,Central luxury /Hauptbahnhof,92.00,,5.0 (9),3 beds,Room in Wien,,Austria
424,House with breathtaking views!,222.00,,4.85 (26),2 beds,Cabin in County Wicklow,,Ireland
425,King's Windmill - A little house in the woods,111.00,,4.54 (201),1 bed,Cabin in Serrazone,,Italy
426,Q3 BNB Premium Residence - The Engineering Tower,147.00,,4.8 (10),1 sofa bed,Lighthouse in Ploemeur,,France
427,"The Haven Hut, warm, cosy and cute.",64.00,,4.77 (69),1 double bed,Cabin in Bridge of Earn,,UK
428,Delightful rustic treehouse,42.00,,4.67 (9),1 bed,Treehouse in Mons,,France
429,Washitsu.Casa camper Parking place w/house access,16.00,,4.91 (107),1 double bed,Campsite in Rif,,Iceland
430,Apartment-Mansarda Vista Castello,61.00,,5.0 (8),4 beds,Condo in Roviano,,Italy
431,Bettyjems Stage Refuge,20.00,,None,4 beds,Home in Jumilhac-le-Grand,,France
432,Mountain hut in the Elbe sandstone with log cabin sauna,98.00,66.00,4.78 (169),4 beds,Cabin in Rosenthal-Bielatal,,Germany
433,"Shepherd's hut ""Wolkakkrazer"" near Wolfegg",57.00,72.00,4.88 (220),1 queen bed,Hut in Wolfegg,,Germany
434,Private domed Copula @ Free Spirit horse refuge,63.00,114.00,4.61 (154),3 beds,Dome in Atzeneta del Maestrat,,Spain
435,Levanda Home,73.00,,4.91 (147),2 beds,Home in Taktikoupoli,,Greece
436,Face √† la mer Brestoise,87.00,,New,3 beds,Apartment in Le Relecq-Kerhuon,,France
437,DEEP OCEAN BUNGALOWS-PANORAMIC &DOUBLE &HALF BOARD,115.00,,4.91 (75),1 queen bed,Nature lodge in Fethiye,,Turkey
438,Xitaca do Pula,78.00,,4.95 (203),2 king beds,Chalet in Covilh√£,,Portugal
439,Infinity Abram,61.00,,4.57 (44),1 double bed,Apartment in Abram,,Greece
440,King bedroom in historic house with garden access,92.00,,4.96 (24),2 beds,Room in Halsham,,UK
441,The Loggia,169.00,,4.85 (61),1 double bed,Vacation home in Rocchetta Nervina,,Italy
442,Ca' Roncate,127.00,,4.9 (378),1 double bed,Home in Cernobbio,,Italy
443,Trailer Paradise Ivonete _unwind,46.00,,4.97 (71),3 beds,Camper/RV in Wettringen,,Germany
444,"Views to the valley, Wi-Fi, Air-Con, terrace,",79.00,,4.88 (140),2 beds,Home in Ot√≠var,,Spain
445,Casa del Mago - Castelmezzano,93.00,,4.78 (100),3 beds,Home in Castelmezzano,,Italy
446,Moinho do Sr. Arnaldo - Big Windmill at Peniche,196.00,,4.85 (13),1 queen bed,Windmill in Atouguia da Baleia,,Portugal
447,canopy house,81.00,,4.81 (212),4 beds,Earthen home in La Canourgue,,France
448,Panucci's house- halfway between the sea and mountain,25.00,,4.98 (245),2 double beds,Home in Dinami,,Italy
449,Peacock House,80.00,,None,2 double beds,Cottage in Crossdoney,,Ireland
450,"Aura House 2bds Eco Bamboo House, Pool, River View",513.00,455.00,4.87 (209),2 double beds,Villa in Abiansemal,,Indonesia
451,BALIAN TREEHOUSE w beautiful pool,117.00,,4.85 (287),1 king bed,Hut in Balian Beach,,Indonesia
452,Bali Bamboo House | Rescape Ubud - Relief Villa,171.00,,4.79 (164),1 bed,Hut in Ubud,,Indonesia
453,‚ù£Ô∏èRomantic Staycation-PrivateSunset Pool@megananda,111.00,,4.92 (388),1 king bed,Villa in Ubud,,Indonesia
454,Dome - Bamboo Villa in Eco Six Bali,420.00,,4.87 (85),1 king bed,Cabin in Tampaksiring,,Indonesia
455,Treehouse De Valentine,255.00,,4.91 (147),5 beds,Treehouse in Balamban,,Philippines
456,Luxury 5 BDR Resort w/ Gym & Ricefield View,506.00,,4.78 (101),5 beds,Villa in Tampaksiring,,Indonesia
457,"Exclusive Private Island + Brother Island, El Nido",469.00,,4.82 (131),11 beds,Island in El Nido,,Philippines
458,15min walk to MRT Private room for 3 Free Brekkie.,31.00,,4.9 (255),3 double beds,Room in Chom Phon,,Thailand
459,Elegant & luxurious 3 BR villa rice-fields pano,322.00,,4.65 (94),4 beds,Villa in Kecamatan Ubud,,Indonesia
460,Exclusive Beach Villa - Balian Beach,240.00,,4.8 (105),4 beds,Villa in Tabanan,,Indonesia
461,"180¬∞ VIEW, PRIVATE POOL VILLA..",206.00,,4.93 (355),1 bed,Villa in Singaraja,,Indonesia
462,White Breeze Pool 1BD Apartment,64.00,,4.69 (112),1 queen bed,Apartment in Phuket,,Thailand
463,Beautiful villa on the edge of BLUE LAGOON,264.00,,4.83 (1239),1 bed,Villa in Nusa Ceningan,,Indonesia
464,Intimate Private Pool Villas in Ubud center,209.00,,4.89 (223),1 double bed,Villa in Kecamatan Ubud,,Indonesia
465,50% OFF | Ipian Cinta with Private Pool jacuzzi,142.00,,4.62 (118),1 double bed,Hut in Kecamatan Ubud,,Indonesia
466,Love Nest for honeymooner at best location,251.00,,4.98 (87),1 bunk bed,Villa in Kecamatan Kuta Utara,,Indonesia
467,Leafy Greens Chiangmai : Mushroom M2,22.00,,4.87 (210),1 bunk bed,Earthen home in Mueang Chiang Mai District,,Thailand
468,Love Nest for honeymooner at best location,251.00,,4.98 (87),1 double bed,Villa in Kecamatan Kuta Utara,,Indonesia
469,‚ù£Ô∏èSecluded Getaway Staycation+SunsetPool@megananda,111.00,,4.89 (364),1 king bed,Villa in Payangan,,Indonesia
470,Leafy Greens Chiangmai : Mushroom M2,22.00,,4.87 (210),1 bunk bed,Earthen home in Mueang Chiang Mai District,,Thailand
471,#3# Beautiful Balinese Villa with Private Pool,137.00,,4.91 (434),1 queen bed,Villa in Ubud,Kabupaten Gianyar,Indonesia
472,"Palma Villa, Spectacular Sea View Villa with Pool",238.00,,5.0 (13),2 beds,Villa in ‡πÄ‡∏Å‡∏≤‡∏∞‡∏û‡∏á‡∏±‡∏ô,,Thailand
473,Luxurious Private Pool Villa with Garden North of Ubud,126.00,,4.92 (166),2 beds,Villa in Tegallalang,,Indonesia
474,Tiny Tall Haus Ubud Getaway!,95.00,,4.87 (104),1 queen bed,Tiny home in Kecamatan Ubud,,Indonesia
475,Pondok Prapen -Ubud Center Private Pool Villa,217.00,,4.89 (333),3 beds,Bungalow in Ubud,,Indonesia
476,Beetle - Bamboo Villa in Eco Six Bali Resort,458.00,,4.82 (82),2 king beds,Villa in Tampaksiring,,Indonesia
477,the naked house,205.00,,4.88 (183),7 beds,Home in Ko Samui,,Thailand
478,"""Villa Sauvage 2 br"" - a magic horizon of coziness",122.00,,4.57 (115),2 double beds,Villa in Kamala,,Thailand
479,Bathing Private Exclusive Cottage,183.00,,4.91 (181),6 beds,Home in Mabini,,Philippines
480,Zen Hideaway #3 - ultimate Wabi-sabi experiences,235.00,,4.8 (372),2 king beds,Hut in Abiansemal,,Indonesia
481,"Explore, Experience, Enjoy T-HOUSE Lakestaycation!",39.00,,4.43 (160),2 queen beds,Tiny home in Cavinti,,Philippines
482,Hidden Bamboo Bali,136.00,,4.91 (161),1 king bed,Hut in Tampaksiring,,Indonesia
483,Poolside room in large villa. 5 minutes to beach.,34.00,,5.0 (37),1 king bed,Room in Kecamatan Denpasar Selatan,,Indonesia
484,Ba hao Residence x MAITRI CHIT ROOM,96.00,,4.93 (431),1 king bed,Room in Bangkok,,Thailand
485,Pool Villa by Humble,63.00,,4.93 (105),1 king bed,Boutique hotel in Ko Samui,,Thailand
486,[VR] 2BR High Skyline Ocean View @ Pattaya,136.00,62.00,4.69 (85),3 beds,Apartment in Muang Pattaya,,Thailand
487,Villa Seminyak 1 Bedroom 10 Mins to Beach,69.00,55.00,4.67 (340),1 king bed,Home in Kuta,,Indonesia
488,"DEEPSPACE villa X1 ,Secret Address on Quiet Beach",164.00,24.00,4.7 (47),3 beds,Villa in Ko Lanta District,,Thailand
489,BALIAN TREEHOUSE 2 - with private pool,131.00,39.00,4.89 (140),3 beds,Place to stay in Balian Beach,,Indonesia
490,Private pool two bedroom villa - villa the cow,97.00,53.00,4.8 (124),2 double beds,Villa in Th√†nh ph·ªë H·ªôi An,,Vietnam
491,Ê∏ÖËøà The Astra CondoÈïøÂ∫∑Ë∑ØÊó†ËæπÊ≥≥Ê±†Ë±™ÂçéÂÖ¨ÂØìÂè§ÂüéÂ§úÂ∏ÇËæπChang Khlan road,33.00,809.00,4.68 (158),1 queen bed,Apartment in Ê∏ÖËøà,,Thailand
492,Garden view twin room with breakfast-Ngan Phu,24.00,116.00,4.85 (255),2 single beds,Place to stay in Th√†nh ph·ªë H·ªôi An,,Vietnam
493,Heritage of Art Villa Iseh in Sidemen East Bali,154.00,99.00,4.89 (111),1 queen bed,Room in Sidemen,,Indonesia
494,One-Bedroom Suite in Patong Beach,49.00,,4.73 (67),2 king beds,Apartment in Tambon Patong,,Thailand
495,"„ÄêCENTRAL STUDIO„Äë0-min BTS ASOK, FAST WIFI, NETFLIX",58.00,,4.74 (252),4 beds,Condo in Khet Watthana,,Thailand
496,"Eagles Nest, Luxury Villa, Koh Yao Noi",986.00,,4.95 (43),22 beds,Villa in Koh Yao Noi,,Thailand
497,FIG TREE BOUTIQUE VILLA,30.00,,4.83 (92),3 queen beds,Hotel room in Th√†nh ph·ªë H·ªôi An,,Vietnam
498,Seaview Bedrock Home,131.00,,4.8 (35),3 beds,Earthen home in Ao nang,,Thailand
499,Alamanda Tropical Wooden Villa - Pool View,97.00,,4.87 (196),2 beds,Villa in Langkawi,,Malaysia
500,Perch Villa - Clifftop villa spectacular sea view,162.00,,4.94 (71),1 bed,Villa in Koh Lanta Island,,Thailand
501,Tropical Private Room Canggu 3 by Rios Guest House,33.00,,4.86 (7),3 beds,Guesthouse in Kecamatan Kuta Utara,,Indonesia
502,"Luxury Beach Front Pool Villa, Phuphatara Rayong",359.00,,4.68 (85),1 double bed,Villa in Rayong,,Thailand
503,TROPICAL POOL BEACH VILLA III | Beach-Pool-Freedom,142.00,,4.92 (25),1 double bed,Cottage in Lamai Beach,,Thailand
504,Samu House. Tropical stay private pool.Adults Only,108.00,110.00,4.84 (106),1 bed,Cabin in Kecamatan Ubud,,Indonesia
505,Romantic 1br Villa - Ubud Jungle,363.00,,5.0 (13),1 king bed,Villa in Tampaksiring,,Indonesia
506,umatreehouse,133.00,,4.93 (164),1 bed,Treehouse in Tampaksiring,,Indonesia
507,"Promo Price! Magical Treehouse, Stunning Views.",280.00,,4.78 (528),4 beds,Treehouse in Ubud,,Indonesia
508,Tropical Glamping üå¥ Cliff Side Ocean View + Netüê¨,474.00,,4.93 (209),1 queen bed,Bungalow in Nusapenida,,Indonesia
509,Cliffside Bamboo Treehouse - Private Pool & View,484.00,,5.0 (59),1 bed,Treehouse in Klungkung,,Indonesia
510,Dreamy Cliffside Bamboo Villa with Pool and View,484.00,,4.98 (58),1 bed,Cabin in Klungkung,,Indonesia
511,25%OFF! Romantic Honeymoon Escape in Ubud Paradise,117.00,,4.77 (219),1 double bed,Cottage in Ubud,,Indonesia
512,Acala Lembongan-Deluxe Suite Sea View,92.00,,4.63 (51),1 queen bed,"Resort in Nusa Lembongan,",,Indonesia
513,NEW 5BR Luxury Villa in Ubud: Pool and Jungle View,451.00,,New,5 double beds,Villa in Ubud,,Indonesia
514,Seaside Designer Treehouse ~ Stunning Views ~ Pool,121.00,,4.75 (4),1 bed,Treehouse in Kabupaten Buleleng,,Indonesia
515,private villa with infinity pool hill and sea view,53.00,,4.8 (35),1 double bed,Room in Kabupaten Buleleng,,Indonesia
516,50% OFF | Ipian Jiwa Eco Bamboo Uniquely Escape,89.00,,4.67 (128),6 beds,Hut in Ubud,,Indonesia
517,"Private Modern Beachfront Villa: Pool, Sunset View",628.00,,5.0 (15),9 beds,Villa in Bacnotan,La Union,Philippines
518,SoftLaunch IbizaInspiredBeachfrontVilla inBatangas,473.00,,4.91 (11),1 king bed,Villa in Lian,,Philippines
519,Stunning Room Near Ubud Market - Outdoor Pool!!,44.00,,4.78 (358),1 bed,Hotel in Kecamatan Ubud,,Indonesia
520,Hotel Room with Private Plunge Pool Siray Bay#2,71.00,,5.0 (13),1 bed,Hotel in Tambon Ratsada,,Thailand
521,Suite 2 - Beachfront Luxury Suite on Bingin Beach,267.00,,4.93 (96),1 bed,Guest suite in Bingin Beach,,Indonesia
522,"Private Modern Beachfront Villa: Pool, Sunset View",628.00,189.00,5.0 (15),6 beds,Villa in Bacnotan,La Union,Philippines
523,TROPICAL - DESIGNER LOFT - Seminyak,220.00,102.00,4.98 (113),1 king bed,Loft in Seminyak,,Indonesia
524,SoftLaunch IbizaInspiredBeachfrontVilla inBatangas,473.00,132.00,4.91 (11),9 beds,Villa in Lian,,Philippines
525,Hotel Room with Private Plunge Pool Siray Bay#2,71.00,,5.0 (13),1 bed,Hotel in Tambon Ratsada,,Thailand
526,Suite 2 - Beachfront Luxury Suite on Bingin Beach,267.00,,4.93 (96),3 king beds,Guest suite in Bingin Beach,,Indonesia
527,3 Bdr - The Dream Cliffside Bamboo Villa By Avana,913.00,,4.97 (30),1 bed,Treehouse in Klungkung,,Indonesia
528,Madara Ubud Villas,194.00,,4.83 (129),2 beds,Villa in Kecamatan Ubud,,Indonesia
529,New 2BR+2Bath Eco Home,53.00,,4.73 (11),2 beds,Shipping container in Tambon Bo Put,,Thailand
530,Le Aiken Xperience - Unique Bamboo House,252.00,,4.69 (94),2 beds,Place to stay in Penebel,,Indonesia
531,Six-Bamboo Villa in Eco Six Bali Resort,458.00,,5.0 (5),1 bed,Home in Kecamatan Tampaksiring,,Indonesia
532,One-Bedroom Villa Suite Deluxe,229.00,,4.95 (20),1 queen bed,Home in Kecamatan Kuta Selatan,,Indonesia
533,Enchanted Hobbit Treehouse Nestled in the Jungle,207.00,,4.92 (117),1 king bed,Treehouse in Tegallalang,,Indonesia
534,Romantic hideaway for two,33.00,,4.97 (229),2 beds,Home in Tegallalang,,Indonesia
535,PICO DE LORO ( Santorini Vibe),112.00,,4.88 (16),4 beds,Apartment in Nasugbu,,Philippines
536,*NEW* Lovely New 3BR Villa Stunning Jungle View,381.00,,4.7 (69),1 bed,Villa in Kecamatan Tampaksiring,,Indonesia
537,Nalu Bingin - 1 Bedroom Villa,202.00,,5.0 (5),2 beds,Villa in South Kuta,,Indonesia
538,Pelangi Treehouse (formerly Skai Joglo),229.00,,4.92 (112),1 queen bed,Villa in Kecamatan Ubud,,Indonesia
539,¬∞3 Charming room in Bingin beach,155.00,,4.52 (523),1 queen bed,Place to stay in Pecatu,,Indonesia
540,"Luxe Villa in Tropical Oasis, Ubud. Walk to town.",176.00,363.00,4.93 (287),1 king bed,Villa in Ubud,,Indonesia
541,4br Lovina Paradise - Ocean View,460.00,275.00,4.93 (40),4 king beds,Villa in Banjar,,Indonesia
542,"Baby & kids friendly, JB CIQ, Romantic Duplex",75.00,229.00,4.82 (182),2 beds,Condo in Johor Bahru,,Malaysia
543,Tiny House by The Modern Escape,128.00,103.00,5.0 (32),2 beds,Tiny home in Concepcion,,Philippines
544,Gorgeous luxury 1 bedroom villa in heart of Canggu,325.00,,4.87 (47),1 bed,Villa in Kecamatan Kuta Utara,,Indonesia
545,Boho-Chic villa with ocean&rice field view,201.00,,4.97 (67),3 queen beds,Villa in Kecamatan Seririt,,Indonesia
546,Ceylon Villas 4 - 1BR Villa! 5 mins to Ubud üå¥,125.00,,4.92 (184),1 bed,Villa in Ubud,,Indonesia
547,Gypsea Bali Bungalow with private bathroom and AC,155.00,,4.92 (78),1 king bed,Place to stay in Kecamatan Kuta Selatan,,Indonesia
548,"DAY CLOUDS, Ubud",72.00,,4.59 (122),1 bed,Hut in Kecamatan Ubud,,Indonesia
549,Cozy Loft Cabins Near Tagaytay,252.00,,4.88 (43),8 beds,Cabin in Amadeo,,Philippines
550,Ocean View and Private Pool at Balian Beach,116.00,,4.82 (122),1 queen bed,Place to stay in Tabanan,,Indonesia
551,Wanagiri Cabin,148.00,,4.97 (29),2 beds,Cabin in Kecamatan Sukasada,,Indonesia
552,Batan Sabo Cottage,72.00,,4.72 (459),1 queen bed,Place to stay in Nusapenida,,Indonesia
553,Bamboo Turtle cabin river view 5km to Ubud center,118.00,,4.88 (75),1 bed,Treehouse in Kecamatan Ubud,,Indonesia
554,PROMO! Luxury Villa Escape in Ubud 2 BR,306.00,,5.0 (4),2 beds,Home in Kecamatan Ubud,,Indonesia
555,Villa Sea Spray Bali Cowrie literally on the Ocean,130.00,,4.79 (112),2 beds,Apartment in Candidasa,,Indonesia
556,The Nude House,305.00,,4.68 (19),2 beds,Home in Kecamatan Selat,,Indonesia
557,Tiny Poolvilla in the heart of Phuket,119.00,,5.0 (98),1 king bed,Villa in Kathu,,Thailand
558,Bamboo Turtle cabin river view 5km to Ubud center,118.00,172.00,4.88 (75),1 bed,Treehouse in Kecamatan Ubud,,Indonesia
559,PROMO! Luxury Villa Escape in Ubud 2 BR,306.00,63.00,5.0 (4),2 beds,Home in Kecamatan Ubud,,Indonesia
560,The Nude House,305.00,,4.68 (19),2 beds,Home in Kecamatan Selat,,Indonesia
561,Tiny Poolvilla in the heart of Phuket,119.00,,5.0 (98),1 king bed,Villa in Kathu,,Thailand
562,Instagrammable Loft Studio in EkoCheras KL,60.00,,4.94 (84),1 double bed,Apartment in Kuala Lumpur,,Malaysia
563,‚ù§PROMO Beachfront oasis. Private pool and firepit,189.00,,4.74 (46),4 beds,Villa in Kecamatan Banjar,,Indonesia
564,Arte Mont Kiara Muji Suites,51.00,,4.59 (406),3 beds,"Condo in Federal Territory of Kuala Lumpur,",,Malaysia
565,My Canopy Tagaytay (with thermal pool),424.00,,4.91 (81),17 beds,Villa in Tagaytay,,Philippines
566,Luxe Suite: Villacellabella Ubud Bali Instaworthy,490.00,,4.92 (167),1 double bed,Room in UbudUbud,Gianyar,Indonesia
567,CITY APART ‚òÖ CENTRAL City-FREE Pool & Gym,31.00,,4.64 (96),1 king bed,Apartment in ph∆∞·ªùng 6,,Vietnam
568,Villa Akasha - Bio-Architected Eco Dome,86.00,,4.65 (303),1 queen bed,Place to stay in Ubud,,Indonesia
569,#1Beach Front Villa room Villa Blanca Beach Front,71.00,,4.58 (114),1 queen bed,Resort in Lian,,Philippines
570,Luxury 1 BR Villa w/ Private Pool & Ricefield View,92.00,,4.95 (208),4 queen beds,Villa in Ubud,,Indonesia
571,Yuma ‚Ä¢ Atlantis Melaka/3BR 8Pax WiFi Balcony SeaView,40.00,,4.43 (7),2 king beds,Apartment in Melaka,,Malaysia
572,Ceylon Villas 1 - 2BR Villa! 5 mins to Ubud üå¥,166.00,,4.89 (176),1 king bed,Villa in Tampaksiring,,Indonesia
573,"Newly furnished first row of seaview in Moon, sea view, perfect sunrise ~ long term rental welcome (also discounted)",155.00,,4.92 (216),2 king beds,Home in È†≠ÂüéÈéÆ,,Taiwan
574,B Designer King Bed with Partial SEA VIEW bath,75.00,,4.5 (281),2 king beds,Boutique hotel in Kathu District,,Thailand
575,"Vaikuntha#3, The Pursuit of Perfect Rustic Beauty",201.00,,4.82 (146),2 king beds,Hut in Selat,,Indonesia
576,DELUXE SEA VIEW + Hot Tub @Koh Samui,72.00,31.00,4.63 (16),1 bed,Resort in Tambon Maret,,Thailand
577,Spacious Apt in City of Angels,19.00,46.00,4.95 (438),1 king bed,Apartment in Bangkok,,Thailand
578,"Luxury room & Sky pool, in Phuket town",40.00,73.00,4.81 (210),1 bed,Apartment in Phuket,,Thailand
579,Mt Batur Sunrise & overnight,42.00,,4.97 (29),1 bed,Tent in Kintamani,,Indonesia
580,Tide 2 in Penida Tides Cottage,32.00,,4.85 (68),1 king bed,Place to stay in Nusa Penida,,Indonesia
581,Ceylon Villas 2 - 2BR Villa! 5 mins to Ubud üå¥,157.00,,4.88 (112),2 king beds,Villa in Ubud,,Indonesia
582,Private room4 Legian/breakfast/close to Kuta beach,81.00,,4.91 (34),1 bed,Room in Kabupaten Badung,,Indonesia
583,"Luxury Ocean Front, 2,500sq ft Private Eco Villa!",450.00,,4.96 (24),1 double bed,Villa in Karangasem,,Indonesia
584,‚òÖStudio in Seafront Private Villa w/infinity pool‚òÖ,53.00,,4.83 (93),3 beds,Apartment in PHUKET,,Thailand
585,Veranda Residence pattaya 2bedroom partial seaview,83.00,,4.89 (186),2 beds,Condo in Na Chom Thian,,Thailand
586,Cool Home w Garden near Sea,77.00,,4.81 (360),2 beds,Home in Hua Hin,,Thailand
587,Cozy & Modern Loft w/ high speed wi-fi and Netflix,35.00,,4.92 (196),1 king bed,Loft in Pasig,,Philippines
588,Cozy Place near Shopping Center,35.00,,4.96 (237),2 king beds,Apartment in Phuket,,Thailand
589,Ocean View Pool Villa @ Balian Beach,170.00,,4.76 (282),1 queen bed,Home in Tabanan,,Indonesia
590,Oceanfront Pool Villa,163.00,,4.96 (23),2 beds,Villa in General Luna,,Philippines
591,Lovely 1 Bedroom Suite with Pool View,26.00,,4.27 (56),3 beds,Condo in George Town,,Malaysia
592,Private Beach House. The Shack,89.00,,4.88 (41),1 king bed,Home in Santander,,Philippines
593,Lounge Poolside Under Lush Greenery at an Organic Bamboo Pad,69.00,,4.71 (98),1 king bed,Treehouse in Bali,,Indonesia
594,"Luxury room & Sky pool, in Phuket town",40.00,31.00,4.81 (210),1 bed,Apartment in Phuket,,Thailand
595,Tide 2 in Penida Tides Cottage,32.00,46.00,4.85 (68),1 king bed,Place to stay in Nusa Penida,,Indonesia
596,Walk to Petronas Towers from a Stylish Apartment,71.00,182.00,4.89 (296),1 king bed,Apartment in Kuala Lumpur,,Malaysia
597,Private room4 Legian/breakfast/close to Kuta beach,81.00,,4.91 (34),1 bed,Room in Kabupaten Badung,,Indonesia
598,"Luxury Ocean Front, 2,500sq ft Private Eco Villa!",450.00,,4.96 (24),1 double bed,Villa in Karangasem,,Indonesia
599,‚òÖStudio in Seafront Private Villa w/infinity pool‚òÖ,53.00,,4.83 (93),3 beds,Apartment in PHUKET,,Thailand
600,Veranda Residence pattaya 2bedroom partial seaview,83.00,,4.89 (186),2 beds,Condo in Na Chom Thian,,Thailand
601,Cool Home w Garden near Sea,77.00,,4.81 (360),2 beds,Home in Hua Hin,,Thailand
602,Coconut Garden Resort Gili Trawangan,69.00,,4.84 (242),1 king bed,Hotel room in Gili Trawangan,,Indonesia
603,Cozy & Modern Loft w/ high speed wi-fi and Netflix,35.00,,4.92 (196),2 king beds,Loft in Pasig,,Philippines
604,Balian Beachfront Luxury Tiny House,186.00,,5.0 (19),4 beds,Tiny home in Kabupaten Tabanan,,Indonesia
605,Ocean View Pool Villa @ Balian Beach,170.00,,4.76 (282),1 queen bed,Home in Tabanan,,Indonesia
606,PD D'Wharf Premium Suite - Full Seaview (4-6 Pax),54.00,,4.88 (129),1 king bed,Apartment in Port Dickson,,Malaysia
607,Oceanfront Pool Villa,163.00,,4.96 (23),1 king bed,Villa in General Luna,,Philippines
608,Lounge Poolside Under Lush Greenery at an Organic Bamboo Pad,69.00,,4.71 (98),2 beds,Treehouse in Bali,,Indonesia
609,Studio in Beachfront Private Villa w/Infinity pool,38.00,,4.88 (64),2 beds,Apartment in PHUKET,,Thailand
610,Grand Seaview Pool Suite ‚Ä¢,111.00,,4.85 (26),2 beds,Room in Phuket,,Thailand
611,"‚ù§Ô∏èTHE LOFT, Romantic Beachfront Home, HIN KONG.",198.00,,4.96 (56),2 beds,Home in ‡∏ï‡∏≥‡∏ö‡∏• ‡∏ö‡πâ‡∏≤‡∏ô‡πÉ‡∏ï‡πâ,,Thailand
612,"‚ù§Ô∏èTHE LOFT, Romantic Beachfront Home, HIN KONG.",198.00,182.00,4.96 (56),2 beds,Home in ‡∏ï‡∏≥‡∏ö‡∏• ‡∏ö‡πâ‡∏≤‡∏ô‡πÉ‡∏ï‡πâ,,Thailand
613,5* Studio Resort like: Mason Place Capitol Park,29.00,25.00,4.95 (112),2 queen beds,Apartment in Kecamatan Senen,,Indonesia
614,Minimax House by wiandra,96.00,32.00,4.84 (81),4 beds,Home in Lembang,,Indonesia
615,B1731/Seaview/5 mine drive to Jonker/Imperio/4 pax,23.00,33.00,4.54 (209),3 beds,Condo in Melaka,,Malaysia
616,*6Maritime Seafront Scandinavian Home‚ÄñÂåóÊ¨ßÈ£éÊ†ºÊó•Âá∫Êó†ÊïåÊµ∑ÊôØÂ•óÊàø,153.00,,4.39 (380),3 double beds,Loft in George Town,,Malaysia
617,Scenic Cebu City View Condo in Ayala,41.00,,4.98 (315),2 queen beds,Condo in Cebu City,,Philippines
618,"Baan Rom Pruk private house, near Naiyang beach",26.00,,4.96 (172),1 king bed,Bungalow in Naiyang Beach,,Thailand
619,10' walk to Bitexco D1 45sqm Studio - Stay&Fun 01,38.00,,4.8 (163),1 queen bed,Condo in Qu·∫≠n 4,,Vietnam
620,Ayung Panorama. Poetic house on Ayung River cliff,159.00,,4.91 (227),2 king beds,Villa in Abiansemal,,Indonesia
621,Villa The Spot - Room B6,127.00,,4.75 (28),1 bed,Room in Ko Samui District,,Thailand
622,Cozy Seafront Studio Suite Near Queensbay,52.00,,4.83 (263),1 bed,Condo in Bayan Lepas,,Malaysia
623,GLAMPING Experience with an INFINITY POOL,79.00,,4.8 (45),2 beds,Hut in Kecamatan Selat,,Indonesia
624,Veranda Residence pattaya 1BR partial sea view,47.00,,4.8 (95),2 queen beds,Condo in Tambon Na Chom Thian,,Thailand
625,1min KLCC Twin Tower & Pavilion/Ins cottage for best memories,38.00,,4.91 (278),2 beds,Apartment in Kuala Lumpur,,Malaysia
626,Nyan Bali -A Bamboo House Escape with Private Chef,237.00,,4.95 (104),2 queen beds,Cabin in Selat,,Indonesia
627,5-Star Experience at the Heart of Cebu,49.00,,4.96 (280),3 beds,Condo in Cebu City,,Philippines
628,Antipolo - Secluded and Romantic,143.00,,4.87 (478),3 beds,Bungalow in Antipolo,,Philippines
629,Alon and Sandy Surf Shack GFloor (Air Conditioned),129.00,,4.62 (145),3 beds,Room in San Juan,,Philippines
630,The Blue Cabin #Beach,62.00,21.00,4.85 (59),1 queen bed,Room in Botolan,,Philippines
631,"Amazing Manila Bay View! Spacious Comfy, Clean *31",69.00,177.00,4.9 (154),2 beds,Condo in Manila,,Philippines
632,Luxurious private 2bedrm seafront Phuket penthouse,286.00,57.00,4.92 (185),2 beds,Apartment in Thalang,,Thailand
633,Serenity Tagaytay Home w/ WIFI & NETFLIX,30.00,34.00,4.79 (447),3 beds,Condo in Tagaytay,,Philippines
634,B1933B/5 min drive to Jonker/Seaview/Imperio/4 pax,24.00,47.00,4.69 (196),4 beds,Apartment in Melaka,,Malaysia
635,H&B Villas Phu Quoc - 3 Bedrooms,252.00,,5.0 (20),4 beds,Villa in Phu Quoc,,Vietnam
636,A Chic and Cozy 2Br Unit w/ Netflix and Disney+,34.00,,4.94 (295),6 beds,Condo in Pasig,,Philippines
637,Coastline Seaview Duplex Level 19 Executive Floor,87.00,,4.92 (437),1 king bed,Loft in George Town,,Malaysia
638,"BOHO CABIN, Hin Kong Beachfront, West Coast.",132.00,,4.98 (44),2 beds,Cabin in Tambon Ko Pha-ngan,,Thailand
639,(A)Charming Pool Access One Bedroom Apartment,65.00,,4.82 (68),1 double bed,Apartment in Tambon Kamala,,Thailand
640,"One Bedroom Condo in Roxas Boulevard, Pasay City",30.00,,4.77 (332),8 beds,Condo in Pasay,,Philippines
641,Wake up to the Sea of Bali: Beachfront luxury plus,194.00,,5.0 (139),1 queen bed,Villa in Seririt,,Indonesia
642,Enchanted River cabin w/private garden and kitchen,51.00,,4.85 (127),2 beds,Cabin in Lazi,,Philippines
643,Cozy City Condo at Horizons 101 [ W/ WIFI ].,26.00,,4.44 (220),2 beds,Condo in Cebu City,,Philippines
644,SUNSET SEAVIEW DELUXE PATONG - POOL+TERRACE,64.00,,4.8 (159),4 beds,Apartment in Tambon Patong,,Thailand
645,Appartment 140 sqm 6 people big terrace sea view,111.00,,4.91 (160),2 beds,Apartment in Tambon Rawai,,Thailand
646,Cozy room 48.5 sq.m @The Astra near Night market,45.00,,4.89 (190),1 king bed,Condo in Chiang Mai,,Thailand
647,EXPRESSIONZ-1Bedroom-Junior-Suite-KLCC-Sky-Pool,53.00,,4.78 (408),1 king bed,Apartment in Kuala Lumpur,,Malaysia
648,Coastline Seaview Duplex Level 19 Executive Floor,87.00,16.00,4.92 (437),6 beds,Loft in George Town,,Malaysia
649,VENUE HOTEL-20% Superior City NiceWindow#Good Rate,17.00,177.00,4.35 (17),1 bed,Hotel in Nha Trang,,Vietnam
650,"Bebalilodge, one bedroom house with private pool",76.00,57.00,4.97 (153),1 bed,Farm stay in Gianyar,,Indonesia
651,"BOHO CABIN, Hin Kong Beachfront, West Coast.",132.00,34.00,4.98 (44),1 king bed,Cabin in Tambon Ko Pha-ngan,,Thailand
652,(A)Charming Pool Access One Bedroom Apartment,65.00,66.00,4.82 (68),2 beds,Apartment in Tambon Kamala,,Thailand
653,Wake up to the Sea of Bali: Beachfront luxury plus,194.00,47.00,5.0 (139),8 beds,Villa in Seririt,,Indonesia
654,Enchanted River cabin w/private garden and kitchen,51.00,22.00,4.85 (127),1 queen bed,Cabin in Lazi,,Philippines
655,Cozy City Condo at Horizons 101 [ W/ WIFI ].,26.00,,4.44 (220),2 beds,Condo in Cebu City,,Philippines
656,SUNSET SEAVIEW DELUXE PATONG - POOL+TERRACE,64.00,,4.8 (159),2 beds,Apartment in Tambon Patong,,Thailand
657,Cozy room 48.5 sq.m @The Astra near Night market,45.00,,4.89 (190),2 beds,Condo in Chiang Mai,,Thailand
658,2 Bedrooms Beachfront on Maikhao Beach B#7F,90.00,,4.6 (65),2 beds,Condo in Tambon Thep Krasatti,,Thailand
659,EXPRESSIONZ-1Bedroom-Junior-Suite-KLCC-Sky-Pool,53.00,,4.78 (408),1 king bed,Apartment in Kuala Lumpur,,Malaysia
660,La Casita Hua Hin 2,32.00,,4.75 (170),1 sofa bed,Apartment in Tambon Hua Hin,,Thailand
661,The LOJI @ Patra Kuningan # 3,24.00,,4.83 (69),2 beds,Room in Tebet,,Indonesia
662,Cozy Studio across Ayala Mall iT Park 1min walk,26.00,,4.78 (235),1 bed,Condo in Cebu City,,Philippines
663,B4: Sea Breeze Bungalow with Ensuite and AC,33.00,,4.82 (191),2 double beds,Bungalow in Ko Samui,,Thailand
664,"Villa Arun, Sumberkima Hill",262.00,,4.88 (57),1 queen bed,Villa in Pemuteran,,Indonesia
665,DANNY‚Äôs HIGH VIEW STUDIO near District1 Ben Thanh!,44.00,,4.78 (167),1 queen bed,Apartment in Qu·∫≠n 4,,Vietnam
666,Premier Lux Studio Large Tv Free Netflix | City,62.00,28.00,4.9 (166),2 king beds,Apartment in Kuala Lumpur,,Malaysia
667,"BOHO CABIN, Hin Kong Beachfront, West Coast.",132.00,177.00,4.98 (44),1 king bed,Cabin in Tambon Ko Pha-ngan,,Thailand
668,„ÄêR&F„ÄëStudio of Dual-Key Homely Getaway by‚ìó‚ì¢,44.00,57.00,4.78 (139),2 queen beds,Condo in Johor Bahru,,Malaysia
669,"Luxury Q Chidlom Condo, BTS ChitLom, Siam,",90.00,34.00,4.79 (61),1 queen bed,Apartment in Bangkok ,,Thailand
670,(A)Charming Pool Access One Bedroom Apartment,65.00,22.00,4.82 (68),2 beds,Apartment in Tambon Kamala,,Thailand
671,Wake up to the Sea of Bali: Beachfront luxury plus,194.00,,5.0 (139),8 beds,Villa in Seririt,,Indonesia
672,#18 2022 Newest! Downtown Lux Fun Sea View Condo,63.00,,5.0 (27),1 queen bed,Apartment in Muang Pattaya,,Thailand
673,Enchanted River cabin w/private garden and kitchen,51.00,,4.85 (127),1 queen bed,Cabin in Lazi,,Philippines
674,Cozy City Condo at Horizons 101 [ W/ WIFI ].,26.00,,4.44 (220),2 beds,Condo in Cebu City,,Philippines
675,SUNSET SEAVIEW DELUXE PATONG - POOL+TERRACE,64.00,,4.8 (159),2 beds,Apartment in Tambon Patong,,Thailand
676,Cozy room 48.5 sq.m @The Astra near Night market,45.00,,4.89 (190),2 beds,Condo in Chiang Mai,,Thailand
677,B2733/Seaview/5mins to Jonker/Imperio/Studio/4pax,30.00,,4.71 (230),3 beds,Condo in Melaka,,Malaysia
678,Kanvas Soho / KLIA / FREE WIFI 500mbps,24.00,,4.8 (410),2 beds,Condo in Cyberjaya,,Malaysia
679,#Maritime*3*The Rhythm of the Sea @ Êó•Âá∫Êó†ÊïåÂÖ®Êµ∑ÊôØ,98.00,,4.56 (93),3 double beds,Loft in Jelutong,,Malaysia
680,Waterfront Traditional Thai Style Pool Villa (V7),41.00,,4.71 (82),1 queen bed,Villa in Phuket,,Thailand
681,The LOJI @ Patra Kuningan # 3,24.00,,4.83 (69),2 double beds,Room in Tebet,,Indonesia
682,"Villa Arun, Sumberkima Hill",262.00,,4.88 (57),1 queen bed,Villa in Pemuteran,,Indonesia
683,DANNY‚Äôs HIGH VIEW STUDIO near District1 Ben Thanh!,44.00,,4.78 (167),1 queen bed,Apartment in Qu·∫≠n 4,,Vietnam
684,Comfy-Cozy-Cheap @ NAIA 3 near RW w/ NETFLIX,33.00,573.00,4.86 (692),3 beds,Apartment in Pasay,,Philippines
685,[50mbps+NETFLIX] Your home in the heart of Manila,28.00,38.00,4.73 (159),1 double bed,Condo in Manila,,Philippines
686,Comfy Room with Bathroom near MRT Phra Ram 9,30.00,63.00,4.99 (72),1 king bed,Room in Khet Din Daeng,,Thailand
687,"Endless Patong Ocean View from a Hilltop Condominium, Phuket",56.00,100.00,4.95 (252),4 beds,Apartment in Patong,,Thailand
688,"Spectacular Ocean View Villa in Uluwatu, Bali",673.00,,4.94 (143),2 beds,Villa in Uluwatu,,Indonesia
689,"Exclusive Villa, for Couples Looking To Relax",149.00,,4.85 (62),2 king beds,Room in Kecamatan Ubud,,Indonesia
690,1 BR Phuket Modern Luxury Living,44.00,,4.68 (202),1 king bed,Apartment in Tambon Patong,,Thailand
691,*SETIA ALAM* Big Luxury Comfort Homestay #Trefoil,30.00,,4.87 (171),1 king bed,Apartment in Shah Alam,,Malaysia
692,Luxury Villa in Ubud,65.00,,4.91 (54),3 beds,Room in Ubud,,Indonesia
693,"S101 Beachfront Private Villa,A Resort by the Sea",49.00,,4.75 (80),2 queen beds,Resort in Langkawi,,Malaysia
694,Admire Deluxe Marble Walls at a Highrise Resort Home,85.00,,4.85 (135),2 beds,Apartment in Kuala Lumpur,,Malaysia
695,B1706/5 mins drive to Jonker/Imperio/Studio/4pax,29.00,,4.79 (195),1 bed,Condo in Melaka,,Malaysia
696,Odesa Villa1 Ubud close to center,29.00,,5.0 (9),1 bed,Room in Kecamatan Ubud,,Indonesia
697,"Malay villa, Best views in Ubud!",167.00,,4.77 (119),1 bed,Hotel room in Ubud,,Indonesia
698,*Hidden Oasis Bangkok 1 | Near ICONSIAM,28.00,,4.86 (166),1 bed,Room in Khlong Ton Sai,Khlong San,Thailand
699,Directly on the beach-for animal lovers only,144.00,,5.0 (27),1 bed,Home in Tambon Bo Put,,Thailand
700,"Maphrao in Kamala, accommodation on the beach",49.00,,4.89 (37),1 bed,Place to stay in Kamala,,Thailand
701,A Divers Home: beachfront room with sunset view,34.00,,4.89 (98),1 bed,Room in El Nido,,Philippines
702,Forest Haven - Otium,224.00,,4.85 (218),1 queen bed,Tiny home in Millersburg,,
703,WANDERLUST TREEHOUSE Book an experience!,402.00,,4.99 (271),1 queen bed,Treehouse in Crane Hill,,
704,Architectural Masterpiece | Best View in Telluride,732.00,,4.97 (76),5 beds,Home in Telluride,,
705,The Triangle: A-Frame Cabin for your city retreat,123.00,,4.91 (515),4 beds,Cabin in West Farmington,,
706,Cozy Louise Cabin - Direct Cuyuna MTB Access/Sauna,225.00,,5.0 (18),2 queen beds,Cabin in Crosby,,
707,A-frame cabin by the bay with kayak!,230.00,,4.88 (128),2 queen beds,Cabin in Hancock,,
708,Peacock Tiny House near Las Vegas,155.00,,4.92 (744),2 beds,Tiny home in Sandy Valley,,
709,Peach Log Cabin/Hot Tub/Romantic/Close to Town!,292.00,,4.97 (244),1 queen bed,Cabin in Fredericksburg,,
710,Guest room available short stays,217.00,,5.0 (4),2 queen beds,Room in New York,,
711,"Tiny House Cozy Cabin by Zion, Grand Canyon, Bryce",188.00,,5.0 (611),4 beds,Cabin in Fredonia,,
712,Nature‚Äôs Nook- A Modern Treehouse Near Wineries,336.00,,4.94 (163),3 beds,Treehouse in Dahlonega,,
713,Conestoga Wagon on Dude Ranch NEAR LAS VEGAS,147.00,,4.86 (196),1 bed,Farm stay in Sandy Valley,,
714,The Forestry House - A modern luxury treehouse.,305.00,,New,1 queen bed,Treehouse in Travelers Rest,,
715,Crystal Peak Lookout üå≤,230.00,,4.88 (470),3 beds,Treehouse in Fernwood,,
716,Heartwood Cabin at Mt. Rainier,354.00,,4.98 (246),3 beds,Cabin in Packwood,,
717,Modern Nashville Home in the Woods,278.00,,4.99 (290),1 king bed,Cabin in Nashville,,
718,The Leaf Treehouse,641.00,,4.99 (339),2 beds,Treehouse in Fredericksburg,,
719,Secluded View! A-Frame Hot Tub and Fire Pit,361.00,,4.95 (20),2 beds,Cabin in Bryson City,,
720,Lakefront A-Frame Cabin on Table Rock Lake,129.00,,4.86 (22),2 beds,Cabin in Branson,,
721,The Cargill-Earl Guesthouse at Erik's Ranch,426.00,,4.88 (323),3 beds,Home in Livingston,,
722,Taos Mesa Studio Earthship,194.00,,4.91 (781),1 queen bed,Home in Taos,,
723,A- Frame Cabin,273.00,,5.0 (168),2 queen beds,Place to stay in Shippensburg,,
724,Diamond Desert Escape,384.00,,4.97 (34),5 beds,Home in Scottsdale,,
725,Calowahcan Cabin *NEW hot tub*,213.00,,5.0 (401),3 queen beds,Cabin in Ronan,,
726,Cozy Bow House Perched in Trees w/ Hot Tub & View,244.00,,4.95 (344),5 beds,Home in Fairlee,,
727,Cherry Blossom Yurt on Lookout Mountain,157.00,,4.97 (666),1 king bed,Yurt in Rising Fawn,,
728,Storybook A-Frame Cabin in the Woods Close to Downtown Boone,218.00,,4.99 (372),2 queen beds,Cabin in Boone,,
729,The Cabin at Maple View - Accepting Reservations,123.00,,4.99 (599),2 beds,Cabin in Urbana,,
730,Romantic Cabin - 9 miles to Glacier National Park,171.00,,4.91 (237),2 beds,Cabin in Martin City,,
731,Enjoy the Heated Pool at a Beautifully Designed Getaway,213.00,,4.96 (853),1 king bed,Home in Austin,,
732,10-Acre Yellowstone Cabin w/Stunning Mtn View,222.00,,4.93 (101),4 beds,Cabin in Livingston,,
733,"The Big Blue, 1 BR+Den!",597.00,,4.79 (539),2 beds,Condo in Avalon,,
734,Moab Glamping Luxury Tent for 2,254.00,,4.92 (279),1 queen bed,Tent in Moab,,
735,Villa Loggia! 5min walk to Prvt Beach/pool/SmartTV,417.00,,4.94 (34),6 beds,Home in Destin,,
736,"Scenic, Serene Lakefront Cabin ‚Äî Wood Stove",149.00,,4.99 (72),3 beds,Cabin in Crivitz,,
737,The Stillwater at Stoner Creek Cabins,178.00,,5.0 (211),1 bed,Tiny home in Lakeside,,
738,A little piece of heaven...,950.00,,4.88 (180),4 beds,Home in Half Moon Bay,,
739,Romantic Cabin - 9 miles to Glacier National Park,171.00,,4.91 (237),2 beds,Cabin in Martin City,,
740,Enjoy the Heated Pool at a Beautifully Designed Getaway,213.00,,4.96 (853),1 king bed,Home in Austin,,
741,"The Big Blue, 1 BR+Den!",597.00,,4.79 (539),2 beds,Condo in Avalon,,
742,Beautiful pool home near strip,252.00,,5.0 (15),3 beds,Home in Henderson,,
743,Moab Glamping Luxury Tent for 2,254.00,,4.92 (279),1 queen bed,Tent in Moab,,
744,Villa Loggia! 5min walk to Prvt Beach/pool/SmartTV,417.00,,4.94 (34),6 beds,Home in Destin,,
745,The Stillwater at Stoner Creek Cabins,178.00,,5.0 (211),1 bed,Tiny home in Lakeside,,
746,Totally Beachin - Condo with Stunning Ocean Views,287.00,,4.69 (75),6 beds,Condo in Orange Beach,,
747,Moonlit Chalet,175.00,,4.87 (173),2 beds,Cabin in Clyde,,
748,Atlantic Coast Dome Home Across from Sound w/ View,244.00,,4.96 (47),2 beds,Home in Wilmington,,
749,Welcome to our Modern Cape Escape with Heated Pool,233.00,,4.96 (28),5 beds,Home in Cape Coral,,
750,The 'Easy A' Cabin in Rocky Point,202.00,,4.82 (82),3 beds,Vacation home in Klamath Falls,,
751,Luxury One Bedroom Condo with private balcony,123.00,,4.9 (106),3 beds,Condo in Daytona Beach,,
752,"""Swan Ocean"" Beach House on Vilano Beach",955.00,,4.88 (60),6 beds,Home in St. Augustine,,
753,Coastal Waters 214-2nd floor ocean view condo,168.00,,4.47 (43),2 beds,Condo in New Smyrna Beach,,
754,Lake House Minutes to Downtown Mt. Dora and Eustis,173.00,,4.99 (179),2 beds,Home in Eustis,,
755,Circle J Bed & Breakfast,92.00,,4.97 (528),2 beds,Tiny home in White Pigeon,,
756,"Hillside Cripple Creek Cabin w/Hot Tub, Mtn Views!",196.00,,4.93 (72),3 beds,Cabin in Cripple Creek,,
757,Basic Cabin #1 - Sleeps 4 - OK-C1,125.00,,4.86 (233),3 beds,Cabin in Moab,,
758,ONLY 1.5 Miles from the Creation Museum!,124.00,,4.89 (170),4 beds,Home in Petersburg,,
759,"Blue Oasis | King Bed | Feel Far, Be Close Dogs ok",155.00,,4.94 (258),2 beds,Home in Twentynine Palms,,
760,Garden Gate Getaway,53.00,,4.88 (110),2 beds,Room in McKinney,,
761,"Taos Skybox ""Stargazer"" High Desert Retreat",184.00,,4.93 (61),1 bed,Home in El Prado,,
762,The best in tiny living!TreehouseTopia,229.00,,4.87 (193),2 queen beds,Treehouse in Sevierville,,
763,*Unique Pyramid Home for an amazing vacation,231.00,,4.93 (165),1 queen bed,Home in Fort Myers,,
764,Private Modern Guesthouse near Mulholland Drive,151.00,,4.93 (555),2 beds,Cottage in Los Angeles,,
765,Water side Cozy cabin,98.00,,4.91 (318),4 beds,Home in Summertown,,
766,NEW! One-of-a-Kind Luxury Cabin w/Hot Tub,358.00,,5.0 (49),1 queen bed,Cabin in Florissant,,
767,Hilltop cabin retreat with lake & mountain views,188.00,,4.93 (551),5 beds,Guesthouse in Escondido,,
768,Brand New 3 beds at Solara Resort,155.00,,4.83 (12),2 beds,Townhouse in Kissimmee,,
769,New lux cabin w/mount index view,276.00,,4.86 (7),1 bed,Cabin in Gold Bar,,
770,Redwood Treehouse Santa Cruz Mtns.,190.00,,4.89 (932),2 beds,Treehouse in Watsonville,,
771,Mickey Mouse Themed Getaway next to Disney 1,115.00,,4.84 (295),4 beds,Condo in Kissimmee,,
772,Crystal Lake House,155.00,,5.0 (9),4 beds,Home in Ellington,,
773,The Orlando Retreat.,230.00,,4.95 (78),4 beds,Home in Orlando,,
774,The Alpaca (A Lone Juniper Ranch Cabin),124.00,113.00,4.92 (381),2 queen beds,Farm stay in Lebec,,
775,Cozy Cabin on Sunday River ~,202.00,,4.93 (41),2 beds,Cabin in Newry,,
776,*BRAND NEW* Tiny Village Retreat,90.00,,5.0 (86),2 beds,Tiny home in Greer,,
777,Cliffside Romantic Retreat LOVE,321.00,,5.0 (25),1 king bed,Cabin in Pine Ridge,,
778,Modern Cabin Tiny Retreat,90.00,,4.98 (558),3 beds,Tiny home in Greer,,
779,Peaceful Log Cabin in the Woods,122.00,,4.99 (497),2 double beds,Cabin in Groton,,
780,Cozy Creek Cabin-couples retreat nestled in woods,184.00,,4.98 (208),1 king bed,Cabin in Ellijay,,
781,Cozy Studio close to Universal,82.00,,4.2 (148),2 beds,Apartment in Orlando,,
782,Beaver Bungalow - Long Range Mountain Views,163.00,,4.96 (77),2 beds,Cabin in Blue Ridge,,
783,"Sea Squirrel, Beach views in Crystal Beach",246.00,,4.78 (9),1 bed,Condo in Destin,,
784,Out of Bounds: Tiny Cabin amongst acres of trees,170.00,,4.95 (277),2 queen beds,Tiny home in Hillsboro,,
785,Newly remodeled! Condo in Center of All The Action,100.00,,4.49 (372),2 beds,Apartment in Orlando,,
786,Canyon Hideout Bungalow,179.00,,5.0 (341),1 queen bed,Tiny home in Cortez,,
787,"Peaceful, authentic, rustic log cabin in the woods",132.00,,4.98 (106),2 beds,Place to stay in Wapwallopen,,
788,Idyllic Cottage Retreat,188.00,,4.86 (14),2 beds,Cottage in Crozet,,
789,Cabin Kisa,106.00,,5.0 (7),1 bed,Cabin in Leicester,,
790,Mountain Dream gorgeous view with hot tub,190.00,,4.96 (591),2 queen beds,Cabin in Robbinsville,,
791,Special Offer Storey Lake 2Bedr 2Bath Free Waterpark BE307,134.00,,4.79 (73),4 beds,Apartment in Kissimmee,,
792,Cabin Kisa,106.00,610.00,5.0 (7),1 bed,Cabin in Leicester,,
793,Mountain Dream gorgeous view with hot tub,190.00,338.00,4.96 (591),2 queen beds,Cabin in Robbinsville,,
794,Special Offer Storey Lake 2Bedr 2Bath Free Waterpark BE307,134.00,120.00,4.79 (73),4 beds,Apartment in Kissimmee,,
795,Creekside Cabin at Shady Grove Farm,90.00,135.00,4.97 (476),2 beds,Cabin in Lancing,,
796,"Vegas Villa-Heated Pool, Indoor Jacuzzi, Billiards",668.00,218.00,4.93 (27),9 beds,Villa in Las Vegas,,
797,Modern Retreat with King Bed-Heated Pool-and Grill,494.00,,5.0 (33),6 beds,Villa in Miramar,,
798,Venice Canals Sanctuary,374.00,,4.93 (107),2 beds,Apartment in Santa Monica,,
799,Sugar Bear Hollow,219.00,,4.96 (91),3 beds,Cabin in Sevierville,,
800,Studio B,111.00,,4.95 (819),2 queen beds,Guesthouse in Phoenix,,
801,Rock Reign Ranch,132.00,,4.92 (12),1 queen bed,Tiny home in Desert Hot Springs,,
802,"Sedona Sunset Jewel, Amazing Views, Pool",209.00,,5.0 (516),1 king bed,Guest suite in Sedona,,
803,10 mins to Disney-Hot tub-Queen Puffy Lux bed,213.00,,4.82 (74),3 beds,Condo in Kissimmee,,
804,Largest 1 Bed 2 bath in Amelia Surf & Racquet Club,306.00,,New,2 beds,Apartment in Fernandina Beach,,
805,300 STEPS TO THE BEACH-BEST 1 BEDROOM DEAL IN TOWN,169.00,,4.68 (57),2 beds,Condo in Panama City Beach,,
806,Private room(s) in a Renovated Manhattan Townhouse,259.00,,4.94 (16),2 beds,Room in New York,,
807,Luxurious brickell apartment 38thfloor ocean view,239.00,,4.69 (51),2 beds,Condo in Miami,,
808,"Lakeview Loft-Vintage Chicago, Modern Amenities",126.00,,4.96 (343),3 beds,Loft in Chicago,,
809,"JU Super Duper Tiny House, 15 minutes to Disney",98.00,,4.95 (400),3 beds,Cottage in Kissimmee,,
810,Excellent suite to enjoy near Disney.,90.00,218.00,4.71 (241),2 beds,Apartment in Orlando,,
811,300 STEPS TO THE BEACH-BEST 1 BEDROOM DEAL IN TOWN,169.00,,4.68 (57),2 beds,Condo in Panama City Beach,,
812,Private room(s) in a Renovated Manhattan Townhouse,259.00,,4.94 (16),2 beds,Room in New York,,
813,Luxurious brickell apartment 38thfloor ocean view,239.00,,4.69 (51),2 beds,Condo in Miami,,
814,"Lakeview Loft-Vintage Chicago, Modern Amenities",126.00,,4.96 (343),3 beds,Loft in Chicago,,
815,"JU Super Duper Tiny House, 15 minutes to Disney",98.00,,4.95 (400),4 beds,Cottage in Kissimmee,,
816,On Juniper Lake w/Boat Dock Near 30A!,113.00,,4.79 (19),4 beds,Home in DeFuniak Springs,,
817,Ocean Front Resort - King bed,184.00,,4.93 (304),1 queen bed,Condo in Hilton Head Island,,
818,Cozy riverside/rain forest cabin ~ Bogie Bungalow,143.00,,4.96 (949),2 queen beds,Cabin in Forks,,
819,Ft Walton cozy condo w/ on-site pool. Near beaches,145.00,,4.73 (249),3 beds,Condo in Fort Walton Beach,,
820,Private Bay area home !,117.00,,4.67 (3),3 beds,Apartment in Sarasota,,
821,Altitude Adjustment,208.00,,4.98 (161),4 beds,Cabin in Kanab,,
822,Private Room in Elegant French Gothic Home,114.00,,4.87 (843),2 queen beds,Room in Los Angeles,,
823,Stuart Manor Bed and Breakfast,223.00,,5.0 (26),2 beds,Room in Carlisle,,
824,The Beach Couldn't Be Any Closer!,260.00,,4.9 (145),6 beds,Condo in Pensacola,,
825,Point Richmond Top Floor Studio with Bay views,153.00,,4.95 (128),6 beds,Apartment in Richmond,,
826,Cottage by the Sea,138.00,,4.92 (554),6 beds,Guest suite in Trinidad,,
827,House by the Mouse: Something for Everyone!,250.00,,4.89 (157),6 beds,Home in Kissimmee,,
828,King Suite/Sky Lounge/Luxurious Experience.,108.00,148.00,4.85 (55),2 beds,Apartment in Houston,,
829,Few days left in May,286.00,112.00,4.98 (263),1 king bed,Cabin in Sevierville,,
830,"Cozy Private Mountain Cabin on 1,000 acre property",186.00,103.00,4.96 (78),4 beds,Cabin in Fountain Green,,
831,"Lovely Private Room-Manhattan, 70s-Upper East Side",199.00,,4.93 (30),1 bed,Room in New York,,
832,1 BD PRIVATE HOUSEBOAT/ COTTAGE TARPON,229.00,,4.85 (74),3 beds,Cottage in Islamorada,,
833,Sugar Babe Beach Retreat with Hot Tub!,160.00,,4.95 (328),2 queen beds,Home in Michigan City,,
834,Modern room in boutique hotel near amusement parks,64.00,,4.81 (54),2 beds,Hotel in Kissimmee,,
835,"Kayaks adventure, Dock, Pool, WiFi Courtyard view.",112.00,,4.72 (94),2 beds,Condo in Mary Esther,,
836,Historic Venice Apt 1/2 blocks to beach+parking,222.00,,4.94 (431),2 beds,Apartment in Los Angeles,,
837,A charmer!Great spot near downtown.,81.00,,4.97 (990),3 beds,Guesthouse in Greensboro,,
838,Beachfront Apartment,170.00,,4.43 (23),1 queen bed,Apartment in Hallandale Beach,,
839,Beach Front Condo In Casa Del Mar,122.00,,4.72 (389),2 beds,Apartment in Galveston,,
840,The Cooper Cottage | Guesthouse,91.00,,5.0 (5),4 beds,Guesthouse in Carrollton,,
841,Tillie Creek Retreat: a Creekside Oasis,145.00,,4.85 (312),3 beds,Cabin in Wofford Heights,,
842,New* Desert Moon* HeartofPhoenix,112.00,,4.78 (9),3 queen beds,Home in Phoenix,,
843,Private Mackinaw City Beach Cottage ~ Bridge view,355.00,,4.91 (68),1 queen bed,Cottage in Mackinaw City,,
844,Room With The Views,127.00,,4.99 (402),3 beds,Guest suite in Cave Creek,,
845,Venice Getaway,159.00,,5.0 (30),3 beds,Home in Venice,,
846,Reems Creek Mountain Cabin,237.00,,5.0 (222),2 queen beds,Cabin in Weaverville,,
847,Venice Getaway,159.00,,5.0 (30),3 beds,Home in Venice,,
848,Beachfront~Amazing Views~Walkable to Walmart/Shops,184.00,,4.96 (26),4 beds,Condo in Panama City Beach,,
849,Lovely 1 bed condo with pool/wifi free parking,149.00,,4.92 (51),2 beds,Condo in Miami,,
850,"The Lost Coast Tower, Petrolia",225.00,,4.92 (214),1 double bed,Cabin in Petrolia,,
851,THE SMALL ENGLISH MANOR NESTLED AMONGST THE TREES,276.00,,4.89 (420),2 beds,Apartment in New York,,
852,Private Loft In the Hollywood Hills (by Universal),132.00,,4.87 (981),1 queen bed,Guesthouse in Los Angeles,,
853,"Location, location, location!",260.00,,5.0 (19),2 beds,Apartment in New York,,
854,Ravinia Bungalow,105.00,,4.96 (701),1 double bed,Guesthouse in Dallas,,
855,Egret ~ Beachfront Cottage (pet-Friendly),248.00,,4.93 (43),2 beds,Home in Holden Beach,,
856,Storybook Beach Cottage Twin Rocks,144.00,,4.88 (259),4 beds,Cottage in Rockaway Beach,,
857,On the Beach; Siesta Key SunBum Studio,379.00,,4.96 (218),2 beds,Condo in Siesta Key,,
858,Laguna Beach Charming Unit- Location/Value,385.00,,4.96 (384),3 beds,Apartment in Laguna Beach,,
859,Windsor At Westside Avenger Newest PS5 Game room,209.00,,4.92 (12),13 beds,Villa in Kissimmee,,
860,Central House w/ Pool & Hot Tub,142.00,,4.88 (140),2 beds,Home in Tucson,,
861,Direct Ocean View from the Balcony,219.00,,4.83 (639),2 queen beds,Apartment in Fort Lauderdale,,
862,Terlingua Mining Ruin - Lofthouse,194.00,,4.97 (575),1 double bed,Home in Terlingua,,
863,Designer Upper East side apartment Two entrances.,242.00,,4.99 (84),1 queen bed,Apartment in New York,,
864,Waterfront Sea Cottage,82.00,,4.8 (276),1 queen bed,Guesthouse in Naples,,
865,Relaxing Bungalow Steps from the Ocean,102.00,,4.86 (364),2 queen beds,Bungalow in New Smyrna Beach,,
866,Modern Great Villa near Disney & Parks,103.00,,4.87 (148),3 beds,Apartment in Kissimmee,,
867,Cozy Private Cottage 5 miles from Disney!,100.00,,4.92 (123),1 queen bed,Cottage in Kissimmee,,
868,"Private Studio+Bath+Balcony, 15 mins to Manhattan",144.00,,4.96 (269),1 sofa bed,Room in Brooklyn,,
869,Large Master Bedroom w Hollywood sign VIEWS,133.00,,4.9 (325),5 beds,Room in Los Angeles,,
870,Echo Park Retreat with Views,116.00,,4.94 (580),4 double beds,Guest suite in Los Angeles,,
871,Beachfront Oasis,798.00,,4.99 (111),3 beds,Home in Huntington Beach,,
872,The Enchanted Cottage at Easy Manor,115.00,,4.96 (170),4 beds,Guesthouse in Colorado Springs,,
873,‚òÄSunrise Cabin‚òÄ Balcony Mtn Views‚îÉGrill‚îÉFirepit,113.00,,4.98 (114),3 beds,Cabin in Hartsel,,
874,Cactus House - private home with pool in Phoenix,277.00,,4.99 (114),3 beds,Home in Phoenix,,
875,"Beautiful Beachfront condo! 2 Bdrm, 2 Bath",300.00,,4.9 (104),1 bed,Condo in Fort Walton Beach,,
876,"""Vacation-Sanctuary / Gateway to Napa """,114.00,,4.97 (887),1 king bed,Room in Fairfield,,
877,Elevation Celebration,225.00,,4.97 (95),3 queen beds,Cabin in Kanab,,
878,Waterfront Studio Apartment with FREE Parking,160.00,,4.63 (16),2 beds,Apartment in North Bay Village,,
879,Betty's Beach Bungalow-Pet Friendly! STR21-1232,171.00,,4.97 (478),2 beds,Home in Dana Point,,
880,"Casual Colorful Venice House near Canals,Beach &Abbot Kinney",323.00,,4.95 (398),2 beds,Home in Los Angeles,,
881,Beachfront Penthouse studio w/ pool on Miami Beach,181.00,,4.85 (139),2 beds,Condo in Miami Beach,,
882,Geodesic Earth Dome,91.00,161.00,4.9 (953),2 beds,Dome in El Prado,,
883,7-bedroom vacation home near Disney with pool/spa,222.00,,4.83 (174),10 beds,Home in Kissimmee,,
884,Beautiful 4BR Townhouse/Townhome close to Disney,132.00,,4.83 (109),5 beds,Townhouse in Kissimmee,,
885,Waterfront condo on top floor @ Boca Ciega Resort,143.00,,4.87 (360),2 beds,Condo in Saint Petersburg,,
886,Scenic Gulf view! Steps to private beach entry!,305.00,,5.0 (41),3 beds,Townhouse in Destin,,
887,"Amelia Island, 2 bedroom beach front condo",327.00,,4.92 (147),2 beds,Condo in Fernandina Beach,,
888,"Fishing, Quiet & Wifi - 10 acres - Country Getaway",117.00,,4.98 (51),2 queen beds,Home in Smithville,,
889,Cozy guest studio with private deck,101.00,,4.9 (655),1 queen bed,Guesthouse in San Diego,,
890,Fabulous Cottage at the Beach,253.00,,4.94 (215),3 beds,Cottage in San Diego,,
891,Beautiful ocean front condo Panama City Beach,143.00,,4.78 (99),1 king bed,Resort in Panama City Beach,,
892,"A view, a pool, and, private cabana sleeps five",165.00,,4.8 (260),4 beds,Guesthouse in Rolling Hills,,
893,The T and C Club,247.00,,4.97 (90),6 beds,Home in Tampa,,
894,Oceanfront Apartment - Cocoa Beach,176.00,,4.89 (53),2 beds,Condo in Cocoa Beach,,
895,Jr.Suite at Ocean Residences on the Beach,260.00,,4.9 (242),1 sofa bed,Apartment in Fort Lauderdale,,
896,Charming Cottage at the Beach,253.00,,4.91 (550),3 beds,Cottage in San Diego,,
897,"PERFECT VIEW!! Waterfront, Marina, and 2 Pools!",99.00,,4.98 (125),2 queen beds,Condo in Fort Walton Beach,,
898,Breath-taking Strip View on 33rd Flr Luxury Resort,118.00,,4.73 (318),2 beds,Condo in Las Vegas,,
899,Downtown Suite -Pool/Wi-Fi/ SkyView!,113.00,,4.84 (144),2 beds,Apartment in Houston,,
900,Ca√±on Getaway- Cabin inspired home,112.00,,4.97 (460),2 beds,Guest suite in Colorado Springs,,
901,Fox Farms Little House,107.00,,4.97 (430),2 beds,Home in Waxhaw,,
902,Retro 1BR Apt #3 | Steps from the Water + Parking!,106.00,,4.88 (136),2 beds,Apartment in Miami,,
903,North Capitol Hill Luxury Townhome in Perfect Location,135.00,,4.81 (538),1 queen bed,Townhouse in Washington,,
904,Sunset Suite @ The Vanderbilt | Boutique~BnB,224.00,,4.96 (117),2 beds,Room in Naples,,
905,#3 Foggy Bottom/Georgetown Apartment,209.00,,4.82 (473),1 queen bed,Apartment in Washington,,
906,Direct Waterfront.Keyless entry.Dolphin watch.,220.00,,4.97 (279),2 beds,Condo in Tybee Island,,
907,Tropicana Suite-Grand Manor Luxury Mansion Loft,104.00,,4.86 (494),2 beds,Room in Galveston,,
908,Retro Retreat by the Bay,136.00,,4.9 (201),4 beds,Home in Netarts,,
909,Ocean Drive Beach Front Studio,153.00,,4.56 (418),3 beds,Apartment in Miami Beach,,
910,Coastal Cape Home w/Heated Pool-Sleeps 6,125.00,,4.85 (75),1 queen bed,Home in Cape Coral,,
911,Local Sedona Humble Home,236.00,,4.91 (107),3 beds,Home in Sedona,,
912,"Hollywood paradise studio in house,owned entrance",103.00,,4.89 (367),2 beds,Home in Los Angeles,,
913,Luxe guest suite-perfect Staycation Pool & Parking,101.00,,4.91 (651),4 beds,Room in Miami,,
914,Casa Del Mar Spectacular Ocean Views!,434.00,,4.97 (148),3 beds,Home in The Sea Ranch,,
915,Cozy Garden Apartment,117.00,,4.93 (287),3 beds,Apartment in Brooklyn,,
916,Classic Cape Cod Cottage,143.00,,4.92 (172),3 beds,Cottage in Eastham,,
917,Modern 3 bds house with pool in Las Vegas,313.00,,5.0 (10),3 beds,Home in Las Vegas,,
918,Gecko House Unit #1,88.00,,4.88 (113),1 king bed,Home in Gulfport,,
919,LOVELY OCEAN VIEW 1BD/1.5TH APT HIGH FLOOR|PARKING,148.00,,4.85 (47),2 beds,Apartment in Sunny Isles Beach,,
920,spacious chelsea room,106.00,,4.9 (127),3 beds,Room in New York,,
921,Tropical Garden Studio Cottage (2 miles to beach),119.00,,4.97 (231),1 queen bed,Guest suite in Naples,,
922,Cozy Portland Studio Apartment,104.00,,4.98 (745),2 beds,Guesthouse in Portland,,
923,Direct beautiful beach and ocean view,173.00,,4.93 (124),3 beds,Apartment in Pompano Beach,,
924,Beach paradise. Just minutes to restaurants shops.,320.00,,4.89 (54),4 beds,Condo in Hollywood,,
925,Spacious Heated Pool home with pool/pingpong table,212.00,,4.93 (138),2 beds,Home in Palm Coast,,
926,The Strand Oceanview Studio - Dog Friendly!,121.00,,4.85 (392),6 beds,Guesthouse in Rockaway Beach,,
927,Enjoy the most beautiful sunsets by the *pool,113.00,,4.93 (42),1 queen bed,Home in Lehigh Acres,,
928,Private romantic 1 br in Carmel Woods- love dogs,149.00,,4.86 (743),2 beds,Apartment in Carmel-by-the-Sea,,
929,SUNNY ISLES GORGEOUS Apart 2210!! (+hotel fees),191.00,,4.91 (130),3 beds,Condo in Sunny Isles Beach,,
930,Point Reyes Unique Creekside Home with Hot Tub,271.00,,4.89 (601),2 beds,Cabin in Point Reyes Station,,
931,Perfect Cottage with Amazing Creek & Harbor Views & Location,321.00,,4.99 (298),7 beds,Cottage in Mount Pleasant,,
932,Eiko Beach House 4BR/3BA Heatd Pool*Hot Tub* Pets,722.00,,4.79 (108),2 beds,Home in Treasure Island,,
933,New: Cozy 1BR Beach Condo on Siesta Key!!!,157.00,,4.82 (148),5 beds,Condo in Siesta Key,,
934,Across the street from Disney/Pool/Free Parking,342.00,,4.99 (76),3 beds,Condo in Anaheim,,
935,BEAUTIFULL CONDO IN THE HEART OF SUNNY ISLES.,151.00,,4.57 (225),3 beds,Condo in Sunny Isles Beach,,
936,BEAUTIFULL CONDO IN THE HEART OF SUNNY ISLES.,151.00,159.00,4.57 (225),3 beds,Condo in Sunny Isles Beach,,
937,Spacious Studio - 1 minute walk to the beach!,115.00,,5.0 (23),1 bed,Condo in Pompano Beach,,
938,Authentic Luxury Designed Loft,178.00,,4.88 (253),3 beds,Loft in Brooklyn,,
939,Hollywood Sunset Strip Private Executive Hideaway,272.00,,5.0 (99),2 king beds,Home in Los Angeles,,
940,Location Location Location 1 bdrm 0.5 mi of Strip,124.00,,4.7 (242),2 beds,Condo in Las Vegas,,
941,Trump Tower High Floor Strip View,181.00,,4.87 (464),2 beds,Apartment in Las Vegas,,
942,"Dolphin Bay, Apartment 202",140.00,,4.84 (285),2 beds,Condo in Cocoa Beach,,
943,"Oceanfront, rustic cottage",339.00,,4.88 (465),1 bed,Home in St. Augustine,,
944,Enjoy Sunsets at Fully Equipped 2BR Condo on Beach,215.00,,4.93 (14),3 beds,Condo in Pensacola Beach,,
945,Oceanfront Belmont Shore Coastal Luxe,174.00,,4.98 (125),2 beds,Condo in Long Beach,,
946,Spectacular beach to bay views from this resort.,218.00,,4.67 (148),1 bed,Condo in Treasure Island,,
947,Directly on Longboat Key Beach - Kid Friendly/SRQ1,196.00,,4.89 (415),2 beds,Condo in Longboat Key,,
948,The Garden Suite at the Historic Chateau Bleu,141.00,,4.85 (82),1 king bed,Guest suite in Lake Worth,,
949,Private Room in Orlando/Kissimmee (2Twins) T1,43.00,,4.9 (300),1 king bed,Room in Kissimmee,,
950,Casa Alexander,73.00,,4.92 (282),5 beds,Guesthouse in San Antonio,,
951,BEACH FRONT Unit w/ Pool Sandy Toe's # 5,233.00,,4.96 (318),4 beds,Apartment in Englewood,,
952,Across the Street from Beach Getaway/Near Convention Center,106.00,,4.85 (97),4 beds,Room in Long Beach,,
